datasetKey,count
821cc27a-e3bb-4bc5-ac34-89ada245069d,18
7e380070-f762-11e1-a439-00145eb45e9a,16
0f6d26c0-c645-4f15-b1c9-fbcb77515545,15
4d0b1b2a-3209-49ce-bb93-7503e4868019,9
39905320-6c8a-11de-8226-b8a03c50a862,6
7eae038e-7a8e-492e-a4dc-43238cce7c52,6
7c93d290-6c8b-11de-8226-b8a03c50a862,4
108dc817-2b94-4a00-a185-90613603473a,4
44bcde48-ac71-46f2-bf73-24fc3c008b6c,4
ff2ed94e-45ee-4dde-8e1f-0a4798f61a12,3
d8cd16ba-bb74-4420-821e-083f2bac17c2,3
040c5662-da76-4782-a48e-cdea1892d14c,3
2f7c33b3-ea7a-40ac-a3b7-bace96f978f7,3
c063bd29-d63b-4ff5-bb79-adb1a4533b1a,2
4ffe66a0-6c8b-11de-8226-b8a03c50a862,2
2d880bf8-b3e1-4bc5-b46e-c961180ff869,2
a267b6a7-91f9-457c-889a-481e7aa920b6,1
98445a0a-ac91-42fc-829c-fe340ff1383b,1
3a288cf3-4038-4759-a2d9-4541b10e41e3,1
3c3020b4-6113-43db-b702-94b76aa5ed71,1
fe388907-e2b6-44be-a9cb-a80b3924284c,1
005eb8d8-ed94-41be-89cf-e3115a9058e4,1
bfb35608-6485-4f5d-9a64-fd685c98cfb4,1
2931765e-0682-4a38-85eb-032964cc3792,1
16b0aa56-90aa-436c-bfe8-b5af83f84575,1
dc5abc9f-84d5-4046-a3ef-9ab24ae53756,1
