source,id,scientificName,species,decimalLatitude,decimalLongitude,depth,minimumDepthInMeters,maximumDepthInMeters,eventDate,year,country,region,basisOfRecord,datasetKey,datasetName,datasetDOI,publisher,publishingOrgKey,institutionCode,license,license_raw,occurrenceID,qc_flags,usable_mapa
GBIF,6045586134,"Grimpoteuthis G.C.Robson, 1932",,-46.6026,-179.204,3532,3522,3542,2024-02-23,2024,New Zealand,Pacífico Sur,PRESERVED_SPECIMEN,ff2ed94e-45ee-4dde-8e1f-0a4798f61a12,Mollusc collection at Museum of New Zealand Te Papa Tongarewa,10.15468/msce6x,Museum of New Zealand Te Papa Tongarewa,afae4f45-b85e-4a0e-9d93-f30f044e8140,NMNZ,CC-BY,http://creativecommons.org/licenses/by/4.0/legalcode,tepapa:collection/object/2278404,,si
GBIF,3911890669,"Grimpoteuthis G.C.Robson, 1932",,48.888225,16.76112,4839.5,4838,4841,2022-05-14,2022,Czechia,Atlántico Norte,PRESERVED_SPECIMEN,7e380070-f762-11e1-a439-00145eb45e9a,Natural History Museum (London) Collection Specimens,10.5519/qd.20dz6blc,Natural History Museum,19456090-b49a-11d8-abeb-b8a03c50a862,NHMUK,CC0,http://creativecommons.org/publicdomain/zero/1.0/legalcode,9d24b92d-70a4-428f-b3b2-bfe865e3dc37,en_tierra_probable_signo_longitud_invertido,no
GBIF,3911913740,"Grimpoteuthis discoveryi Collins, 2003",Grimpoteuthis discoveryi,48.886058,16.535058,4842,4840,4844,2022-05-13,2022,Czechia,Atlántico Norte,PRESERVED_SPECIMEN,7e380070-f762-11e1-a439-00145eb45e9a,Natural History Museum (London) Collection Specimens,10.5519/qd.20dz6blc,Natural History Museum,19456090-b49a-11d8-abeb-b8a03c50a862,NHMUK,CC0,http://creativecommons.org/publicdomain/zero/1.0/legalcode,8c3f7f70-b3c0-4dd8-bafa-531a84040f34,en_tierra_probable_signo_longitud_invertido,no
GBIF,4983276117,"Grimpoteuthis abyssicola O'Shea, 1999",Grimpoteuthis abyssicola,-13.2779,96.0683,1527,1459,1595,2022-10-20,2022,Cocos (Keeling) Islands,Océano Índico,PRESERVED_SPECIMEN,39905320-6c8a-11de-8226-b8a03c50a862,IN2022 V08 - Investigating The IOT (part 2),10.15468/lp1ctu,Museums Victoria,4cff2aca-5ce5-4028-88e6-d79b6449173a,NMV,CC0,http://creativecommons.org/publicdomain/zero/1.0/legalcode,93a7f9bb-07a2-4db5-baeb-1c53dac06a31,,si
GBIF,4983278503,"Grimpoteuthis abyssicola O'Shea, 1999",Grimpoteuthis abyssicola,-11.6478,103.64,1403,1355,1451,2022-10-08,2022,Christmas Island,Océano Índico,PRESERVED_SPECIMEN,39905320-6c8a-11de-8226-b8a03c50a862,IN2022 V08 - Investigating The IOT (part 2),10.15468/lp1ctu,Museums Victoria,4cff2aca-5ce5-4028-88e6-d79b6449173a,NMV,CC0,http://creativecommons.org/publicdomain/zero/1.0/legalcode,bc2445ed-ae3e-4342-bb70-002ff3616982,,si
GBIF,6254321346,"Grimpoteuthis imperator A.Ziegler & Sagorny, 2021",Grimpoteuthis imperator,-21.827703,112.067261,,,,2022-11-27,2022,Australia,Océano Índico,PRESERVED_SPECIMEN,d8cd16ba-bb74-4420-821e-083f2bac17c2,INSDC Sequences,10.15468/sbmztx,European Nucleotide Archive (EMBL-EBI),ada9d123-ddb4-467d-8891-806ea8d94230,,CC-BY,http://creativecommons.org/licenses/by/4.0/legalcode,PZ320051,sin_profundidad,si
GBIF,6447161517,"Grimpoteuthis imperator A.Ziegler & Sagorny, 2021",Grimpoteuthis imperator,-21.827703,112.06726,,,,2022-11-27,2022,Australia,Océano Índico,MATERIAL_SAMPLE,040c5662-da76-4782-a48e-cdea1892d14c,International Barcode of Life project (iBOL),10.15468/inygc6,The International Barcode of Life Consortium,b3bf3a83-1f68-4541-a03f-330d30d567f5,"Mined from GenBank, NCBI",CC-BY,http://creativecommons.org/licenses/by/4.0/legalcode,GBABA35934-26,sin_profundidad,si
GBIF,6254245468,"Grimpoteuthis G.C.Robson, 1932",,-22.161804,111.74086,,,,2022-12-16,2022,Australia,Océano Índico,PRESERVED_SPECIMEN,d8cd16ba-bb74-4420-821e-083f2bac17c2,INSDC Sequences,10.15468/sbmztx,European Nucleotide Archive (EMBL-EBI),ada9d123-ddb4-467d-8891-806ea8d94230,,CC-BY,http://creativecommons.org/licenses/by/4.0/legalcode,PZ320047,sin_profundidad,si
GBIF,6447143441,"Grimpoteuthis G.C.Robson, 1932",,-22.161804,111.74086,,,,2022-12-16,2022,Australia,Océano Índico,MATERIAL_SAMPLE,040c5662-da76-4782-a48e-cdea1892d14c,International Barcode of Life project (iBOL),10.15468/inygc6,The International Barcode of Life Consortium,b3bf3a83-1f68-4541-a03f-330d30d567f5,"Mined from GenBank, NCBI",CC-BY,http://creativecommons.org/licenses/by/4.0/legalcode,GBABA36739-26,sin_profundidad,si
GBIF,4892646156,"Grimpoteuthis G.C.Robson, 1932",,-23.8382,111.7409,,,,2022,2022,Australia,Océano Índico,PRESERVED_SPECIMEN,7c93d290-6c8b-11de-8226-b8a03c50a862,Western Australian Museum provider for OZCAM,10.15468/5qt0dm,Western Australian Museum,b36f3505-f2d9-499f-a669-fa418a127b9d,WAM,CC-BY,http://creativecommons.org/licenses/by/4.0/legalcode,bf850c72-3970-4433-af9a-18f42fe2d24e,sin_profundidad,si
GBIF,4892648128,"Grimpoteuthis G.C.Robson, 1932",,-23.8382,111.7409,,,,2022,2022,Australia,Océano Índico,PRESERVED_SPECIMEN,7c93d290-6c8b-11de-8226-b8a03c50a862,Western Australian Museum provider for OZCAM,10.15468/5qt0dm,Western Australian Museum,b36f3505-f2d9-499f-a669-fa418a127b9d,WAM,CC-BY,http://creativecommons.org/licenses/by/4.0/legalcode,d677a0de-b06a-4762-b9f4-259eaa0e211b,sin_profundidad,si
GBIF,4081147129,"Grimpoteuthis G.C.Robson, 1932",,-46.609,165.640333,625.5,609,642,2019-11-18,2019,New Zealand,Pacífico Sur,PRESERVED_SPECIMEN,4d0b1b2a-3209-49ce-bb93-7503e4868019,Earth Sciences New Zealand National Invertebrate Collection (NIC),10.15468/6qgswo,Earth Sciences New Zealand (ESNZ),c58ac019-b413-4613-8772-39e57acbeb8e,Earth Sciences New Zealand,CC-BY,http://creativecommons.org/licenses/by/4.0/legalcode,c40b3388-b910-4138-96a0-26b5c2617661,,si
GBIF,2416973283,"Grimpoteuthis G.C.Robson, 1932",,33.696343,-118.372656,406.2,406.2,406.2,2018-10-10,2018,United States of America,Pacífico Norte,PRESERVED_SPECIMEN,a267b6a7-91f9-457c-889a-481e7aa920b6,SIO Benthic Invertebrate Collection,10.15468/4w9oc7,Scripps Institution of Oceanography,b1b3786f-e9b0-4da6-8472-a21a2d7fe48c,SIO,CC0,http://creativecommons.org/publicdomain/zero/1.0/legalcode,urn:catalog:SIO:BIC:M17639,profundidad_<500m_revisar,si
GBIF,5892335301,"Grimpoteuthis G.C.Robson, 1932",,10.5864,140.1248,,,,2017-08-21,2017,Micronesia (Federated States of),Pacífico Norte,MATERIAL_CITATION,98445a0a-ac91-42fc-829c-fe340ff1383b,"Flying in the deep: the description of a new species of Grimpoteuthis (Octopoda: Cirrata: Grimpoteuthidae) from the Caroline Seamount, with ecological adaptation of dumbo octopuses",10.15468/gc8xb8,Plazi.org taxonomic treatments database,7ce8aef0-9e92-11dc-8738-b8a03c50a862,MBM,CC0,http://creativecommons.org/publicdomain/zero/1.0/legalcode,03949174FFA6FFD6FCA0F9651DA1F8FC.mc.3B552A3FFFA6FFD5FBA0F8811FF8F925,sin_profundidad,si
GBIF,4055757683,"Grimpoteuthis imperator A.Ziegler & Sagorny, 2021",Grimpoteuthis imperator,48.458833,168.870167,4165,3913,4417,2016-07-05,2016,,Pacífico Norte,PRESERVED_SPECIMEN,2f7c33b3-ea7a-40ac-a3b7-bace96f978f7,Type locality distributions from the World Register of Marine Species,10.15468/nmcdsv,Flanders Marine Institute,2089ce96-4fb5-4a20-999c-3ccf45a27a4d,WoRMS Editorial Board,CC-BY,http://creativecommons.org/licenses/by/4.0/legalcode,WoRMS Editorial Board:WoRMS type localities:sm_id_147513,localidad_tipo_WoRMS_posible_duplicado_de_especimen,si
GBIF,1945667433,"Grimpoteuthis G.C.Robson, 1932",,1.883506,-92.133182,1335.85,1335.85,1335.85,2015-07-02T08:13:55,2015,Ecuador,Pacífico Norte,HUMAN_OBSERVATION,3a288cf3-4038-4759-a2d9-4541b10e41e3,Video transect framegrabs,10.15468/kpjavv,Deep-sea OBIS node,f0d23bad-fee1-435d-bdb6-d26a600cad62,CDF,CC-BY,http://creativecommons.org/licenses/by/4.0/legalcode,H1440_081355_Grimpoteuthis sp. indet.,,si
GBIF,3031151948,"Grimpoteuthis wuelkeri (Grimpe, 1920)",Grimpoteuthis wuelkeri,56.77611,-9.16361,2002,2000,2004,2015-09-12,2015,United Kingdom of Great Britain and Northern Ireland,Atlántico Norte,PRESERVED_SPECIMEN,7e380070-f762-11e1-a439-00145eb45e9a,Natural History Museum (London) Collection Specimens,10.5519/qd.20dz6blc,Natural History Museum,19456090-b49a-11d8-abeb-b8a03c50a862,NHMUK,CC0,http://creativecommons.org/publicdomain/zero/1.0/legalcode,6d2d171f-67ce-4804-b129-45602666ff68,,si
GBIF,2447270446,"Grimpoteuthis G.C.Robson, 1932",,-73.15886,-129.894958,440,440,440,2013-01,2013,Antarctica,Océano Austral,PRESERVED_SPECIMEN,7eae038e-7a8e-492e-a4dc-43238cce7c52,Auburn University Museum of Natural History Malacology Collection,10.15468/fpdfbl,Auburn University Museum,34cc6c50-812c-11de-86fe-b8a03c50a862,AUM,CC0,http://creativecommons.org/publicdomain/zero/1.0/legalcode,40c83fe7-4111-45fd-a01b-a1973e75eb45,profundidad_<500m_revisar,si
GBIF,2447273813,"Grimpoteuthis G.C.Robson, 1932",,-73.15886,-129.894958,440,440,440,2013-01,2013,Antarctica,Océano Austral,PRESERVED_SPECIMEN,7eae038e-7a8e-492e-a4dc-43238cce7c52,Auburn University Museum of Natural History Malacology Collection,10.15468/fpdfbl,Auburn University Museum,34cc6c50-812c-11de-86fe-b8a03c50a862,AUM,CC0,http://creativecommons.org/publicdomain/zero/1.0/legalcode,754bdefa-01b7-47cd-8ce1-3904728b7792,profundidad_<500m_revisar,si
GBIF,4081109050,"Grimpoteuthis innominata (O'Shea, 1999)",Grimpoteuthis innominata,-42.585667,179.424833,2100,2098,2102,2012-06-16,2012,New Zealand,Pacífico Sur,PRESERVED_SPECIMEN,4d0b1b2a-3209-49ce-bb93-7503e4868019,Earth Sciences New Zealand National Invertebrate Collection (NIC),10.15468/6qgswo,Earth Sciences New Zealand (ESNZ),c58ac019-b413-4613-8772-39e57acbeb8e,Earth Sciences New Zealand,CC-BY,http://creativecommons.org/licenses/by/4.0/legalcode,6162d6aa-fa36-11e2-96b3-aa6f927c92a3,,si
GBIF,4081109112,"Grimpoteuthis innominata (O'Shea, 1999)",Grimpoteuthis innominata,-42.585667,179.424833,2100,2098,2102,2012-06-16,2012,New Zealand,Pacífico Sur,PRESERVED_SPECIMEN,4d0b1b2a-3209-49ce-bb93-7503e4868019,Earth Sciences New Zealand National Invertebrate Collection (NIC),10.15468/6qgswo,Earth Sciences New Zealand (ESNZ),c58ac019-b413-4613-8772-39e57acbeb8e,Earth Sciences New Zealand,CC-BY,http://creativecommons.org/licenses/by/4.0/legalcode,616a240a-fa36-11e2-96b3-aa6f927c92a3,,si
GBIF,4081112851,"Grimpoteuthis innominata (O'Shea, 1999)",Grimpoteuthis innominata,-42.545167,179.395667,2217.5,2210,2225,2012-06-16,2012,New Zealand,Pacífico Sur,PRESERVED_SPECIMEN,4d0b1b2a-3209-49ce-bb93-7503e4868019,Earth Sciences New Zealand National Invertebrate Collection (NIC),10.15468/6qgswo,Earth Sciences New Zealand (ESNZ),c58ac019-b413-4613-8772-39e57acbeb8e,Earth Sciences New Zealand,CC-BY,http://creativecommons.org/licenses/by/4.0/legalcode,614ec8ae-fa36-11e2-96b3-aa6f927c92a3,,si
GBIF,4081185720,"Grimpoteuthis innominata (O'Shea, 1999)",Grimpoteuthis innominata,-42.317,179.3635,2032,1639,2425,2012-06-16,2012,New Zealand,Pacífico Sur,PRESERVED_SPECIMEN,4d0b1b2a-3209-49ce-bb93-7503e4868019,Earth Sciences New Zealand National Invertebrate Collection (NIC),10.15468/6qgswo,Earth Sciences New Zealand (ESNZ),c58ac019-b413-4613-8772-39e57acbeb8e,Earth Sciences New Zealand,CC-BY,http://creativecommons.org/licenses/by/4.0/legalcode,614b9918-fa36-11e2-96b3-aa6f927c92a3,,si
GBIF,2642984272,"Grimpoteuthis G.C.Robson, 1932",,42.2578,151.7754,5097.5,5061,5134,2012-08-20T22:37Z/2012-08-21T07:14Z,2012,,Pacífico Norte,PRESERVED_SPECIMEN,3c3020b4-6113-43db-b702-94b76aa5ed71,NW pacific deep-sea benthos distribution and abundance (Beneficial Project),10.15468/zkex9m,Deep-sea OBIS node,f0d23bad-fee1-435d-bdb6-d26a600cad62,,CC0,http://creativecommons.org/publicdomain/zero/1.0/legalcode,ZSM_Mol_20130090,,si
GBIF,4081180229,"Grimpoteuthis angularis Verhoeff & O'Shea, 2022",Grimpoteuthis angularis,-42.987167,179.746167,627.5,627,628,2010-06-23,2010,New Zealand,Pacífico Sur,PRESERVED_SPECIMEN,4d0b1b2a-3209-49ce-bb93-7503e4868019,Earth Sciences New Zealand National Invertebrate Collection (NIC),10.15468/6qgswo,Earth Sciences New Zealand (ESNZ),c58ac019-b413-4613-8772-39e57acbeb8e,Earth Sciences New Zealand,CC-BY,http://creativecommons.org/licenses/by/4.0/legalcode,5d3614e8-fa36-11e2-96b3-aa6f927c92a3,,si
GBIF,2447284040,"Grimpoteuthis G.C.Robson, 1932",,-71.699,-93.693667,670,670,670,2009-01,2009,Antarctica,Océano Austral,PRESERVED_SPECIMEN,7eae038e-7a8e-492e-a4dc-43238cce7c52,Auburn University Museum of Natural History Malacology Collection,10.15468/fpdfbl,Auburn University Museum,34cc6c50-812c-11de-86fe-b8a03c50a862,AUM,CC0,http://creativecommons.org/publicdomain/zero/1.0/legalcode,13ac93ac-4225-4a95-adf7-74ad6d6a1cc7,,si
GBIF,2447284840,"Grimpoteuthis G.C.Robson, 1932",,-71.699,-93.693667,670,670,670,2009-01,2009,Antarctica,Océano Austral,PRESERVED_SPECIMEN,7eae038e-7a8e-492e-a4dc-43238cce7c52,Auburn University Museum of Natural History Malacology Collection,10.15468/fpdfbl,Auburn University Museum,34cc6c50-812c-11de-86fe-b8a03c50a862,AUM,CC0,http://creativecommons.org/publicdomain/zero/1.0/legalcode,7b70d709-6f6e-42ce-88d9-aa0395e62dd7,,si
GBIF,2447287180,"Grimpoteuthis G.C.Robson, 1932",,-71.699,-93.693667,670,670,670,2009-01,2009,Antarctica,Océano Austral,PRESERVED_SPECIMEN,7eae038e-7a8e-492e-a4dc-43238cce7c52,Auburn University Museum of Natural History Malacology Collection,10.15468/fpdfbl,Auburn University Museum,34cc6c50-812c-11de-86fe-b8a03c50a862,AUM,CC0,http://creativecommons.org/publicdomain/zero/1.0/legalcode,22af851c-0d42-4b9d-a007-747cb0cb412f,,si
GBIF,2447292245,"Grimpoteuthis G.C.Robson, 1932",,-71.699,-93.693667,670,670,670,2009-01,2009,Antarctica,Océano Austral,PRESERVED_SPECIMEN,7eae038e-7a8e-492e-a4dc-43238cce7c52,Auburn University Museum of Natural History Malacology Collection,10.15468/fpdfbl,Auburn University Museum,34cc6c50-812c-11de-86fe-b8a03c50a862,AUM,CC0,http://creativecommons.org/publicdomain/zero/1.0/legalcode,a8aae2af-812b-4e7b-9f76-0ca8d5d2308e,,si
GBIF,2235737584,"Grimpoteuthis discoveryi Collins, 2003",Grimpoteuthis discoveryi,51.75,-29.55,1911,1872,1950,2009-06-27,2009,,Atlántico Norte,PRESERVED_SPECIMEN,821cc27a-e3bb-4bc5-ac34-89ada245069d,NMNH Extant Biology,10.15468/hnhrg3,"National Museum of Natural History, Smithsonian Institution",bc092ff0-02e4-11dc-991f-b8a03c50a862,USNM,CC0,http://creativecommons.org/publicdomain/zero/1.0/legalcode,http://n2t.net/ark:/65665/302a35f1e-43a3-47e3-9256-7b22ce10b9d3,,si
GBIF,2235790939,"Grimpoteuthis discoveryi Collins, 2003",Grimpoteuthis discoveryi,51.32,-28.87,3516,3505,3527,2009-06-27,2009,,Atlántico Norte,PRESERVED_SPECIMEN,821cc27a-e3bb-4bc5-ac34-89ada245069d,NMNH Extant Biology,10.15468/hnhrg3,"National Museum of Natural History, Smithsonian Institution",bc092ff0-02e4-11dc-991f-b8a03c50a862,USNM,CC0,http://creativecommons.org/publicdomain/zero/1.0/legalcode,http://n2t.net/ark:/65665/32037f59a-b93b-44e0-ad8f-ba930e123f25,,si
GBIF,2235939121,"Grimpoteuthis discoveryi Collins, 2003",Grimpoteuthis discoveryi,51.32,-28.87,3516,3505,3527,2009-06-27,2009,,Atlántico Norte,PRESERVED_SPECIMEN,821cc27a-e3bb-4bc5-ac34-89ada245069d,NMNH Extant Biology,10.15468/hnhrg3,"National Museum of Natural History, Smithsonian Institution",bc092ff0-02e4-11dc-991f-b8a03c50a862,USNM,CC0,http://creativecommons.org/publicdomain/zero/1.0/legalcode,http://n2t.net/ark:/65665/37283fec5-893c-4bc6-889e-610de3ef6b9b,,si
GBIF,2235810557,"Grimpoteuthis discoveryi Collins, 2003",Grimpoteuthis discoveryi,53.28,-36.77,3055.5,3048,3063,2009-07-03,2009,,Atlántico Norte,PRESERVED_SPECIMEN,821cc27a-e3bb-4bc5-ac34-89ada245069d,NMNH Extant Biology,10.15468/hnhrg3,"National Museum of Natural History, Smithsonian Institution",bc092ff0-02e4-11dc-991f-b8a03c50a862,USNM,CC0,http://creativecommons.org/publicdomain/zero/1.0/legalcode,http://n2t.net/ark:/65665/32aff5c49-f5ba-438c-bf41-7aa0d8ad685c,,si
GBIF,2235916624,"Grimpoteuthis discoveryi Collins, 2003",Grimpoteuthis discoveryi,51.53,-30.97,3458.5,3452,3465,2009-07-01,2009,,Atlántico Norte,PRESERVED_SPECIMEN,821cc27a-e3bb-4bc5-ac34-89ada245069d,NMNH Extant Biology,10.15468/hnhrg3,"National Museum of Natural History, Smithsonian Institution",bc092ff0-02e4-11dc-991f-b8a03c50a862,USNM,CC0,http://creativecommons.org/publicdomain/zero/1.0/legalcode,http://n2t.net/ark:/65665/365ed528b-7304-4dac-8921-ad5736b5f399,,si
GBIF,2235917805,"Grimpoteuthis discoveryi Collins, 2003",Grimpoteuthis discoveryi,53.13,-34.77,2340,2306,2374,2009-07-05,2009,,Atlántico Norte,PRESERVED_SPECIMEN,821cc27a-e3bb-4bc5-ac34-89ada245069d,NMNH Extant Biology,10.15468/hnhrg3,"National Museum of Natural History, Smithsonian Institution",bc092ff0-02e4-11dc-991f-b8a03c50a862,USNM,CC0,http://creativecommons.org/publicdomain/zero/1.0/legalcode,http://n2t.net/ark:/65665/3669922d5-a340-40f2-9804-963b4dc5a85b,,si
GBIF,2650394697,"Grimpoteuthis G.C.Robson, 1932",,39.943833,-67.2515,2652,2651,2653,2005-04-20T16:07Z,2005,United States of America,Atlántico Norte,HUMAN_OBSERVATION,fe388907-e2b6-44be-a9cb-a80b3924284c,Northeast Fisheries Science Center Bottom Trawl Survey Data,10.15468/8c5pvg,United States Geological Survey,c3ad790a-d426-4ac1-8e32-da61f81f0117,"NOAA;NMFS;NEFSC",CC0,http://creativecommons.org/publicdomain/zero/1.0/legalcode,f37e43de-b733-11ea-a9a7-a7e94413c0ba,,si
GBIF,5792089797,"Grimpoteuthis discoveryi Collins, 2003",Grimpoteuthis discoveryi,51.549,-30.968,3458.5,3452,3465,2004-07-21T06:37:12Z,2004,,Atlántico Norte,OCCURRENCE,108dc817-2b94-4a00-a185-90613603473a,MAR-ECO 2004,10.15468/j94nku,Flanders Marine Institute,2089ce96-4fb5-4a20-999c-3ccf45a27a4d,50,CC-BY,http://creativecommons.org/licenses/by/4.0/legalcode,urn:catalog:50:MAR-ECO - 2004:4656:0x5C1ECC0101000800,,si
GBIF,5792093424,"Grimpoteuthis discoveryi Collins, 2003",Grimpoteuthis discoveryi,51.33,-28.869,3516,3505,3527,2004-07-16T13:43:48Z,2004,,Atlántico Norte,OCCURRENCE,108dc817-2b94-4a00-a185-90613603473a,MAR-ECO 2004,10.15468/j94nku,Flanders Marine Institute,2089ce96-4fb5-4a20-999c-3ccf45a27a4d,50,CC-BY,http://creativecommons.org/licenses/by/4.0/legalcode,urn:catalog:50:MAR-ECO - 2004:15795:0x5C1ECC0101000900,,si
GBIF,5792098299,"Grimpoteuthis discoveryi Collins, 2003",Grimpoteuthis discoveryi,42.81,-29.639,2085,2063,2107,2004-07-08T13:40:12Z,2004,Portugal,Atlántico Norte,OCCURRENCE,108dc817-2b94-4a00-a185-90613603473a,MAR-ECO 2004,10.15468/j94nku,Flanders Marine Institute,2089ce96-4fb5-4a20-999c-3ccf45a27a4d,50,CC-BY,http://creativecommons.org/licenses/by/4.0/legalcode,urn:catalog:50:MAR-ECO - 2004:12543:0x5C1ECC0101000A00,,si
GBIF,5792112070,"Grimpoteuthis discoveryi Collins, 2003",Grimpoteuthis discoveryi,42.933,-29.536,1734.5,1702,1767,2004-07-09T17:51Z,2004,,Atlántico Norte,OCCURRENCE,108dc817-2b94-4a00-a185-90613603473a,MAR-ECO 2004,10.15468/j94nku,Flanders Marine Institute,2089ce96-4fb5-4a20-999c-3ccf45a27a4d,50,CC-BY,http://creativecommons.org/licenses/by/4.0/legalcode,urn:catalog:50:MAR-ECO - 2004:13165:0x7122CC0101000700,,si
GBIF,4028258529,"Grimpoteuthis G.C.Robson, 1932",,-26.5236,166.574,1530,1530,1530,2003-05-20,2003,Norfolk Island,Pacífico Sur,PRESERVED_SPECIMEN,39905320-6c8a-11de-8226-b8a03c50a862,NORFANZ,10.15468/lp1ctu,Museums Victoria,4cff2aca-5ce5-4028-88e6-d79b6449173a,NMV,CC0,http://creativecommons.org/publicdomain/zero/1.0/legalcode,d2054412-05e2-4667-a817-4460251aaa85,,si
GBIF,1065185592,"Grimpoteuthis G.C.Robson, 1932",,10.7444,-103.6528,2574,2574,2574,2003-11-16,2003,,Pacífico Norte,PRESERVED_SPECIMEN,005eb8d8-ed94-41be-89cf-e3115a9058e4,FMNH Invertebrate Zoology,10.15468/6q5vuc,Field Museum,7b8aff00-a9f8-11d8-944b-b8a03c50a862,FMNH,CC0,http://creativecommons.org/publicdomain/zero/1.0/legalcode,b11fb248-ed91-40c7-890f-c3f2fda2bca7,,si
GBIF,1990943897,"Grimpoteuthis G.C.Robson, 1932",,40.719,-29.75,,,,2001-04-19,2001,Portugal,Atlántico Norte,OCCURRENCE,c063bd29-d63b-4ff5-bb79-adb1a4533b1a,COLETA - IMAR/DOP-UAz Reference Collection from 1977 to 2012.,10.14284/23,Institute of Marine Research,dfad10f6-d84b-4fa2-b6d0-df2a3eb38b65,IMAR/DOP,CC-BY,http://creativecommons.org/licenses/by/4.0/legalcode,COLETA_342,sin_profundidad,si
GBIF,1990943799,"Grimpoteuthis G.C.Robson, 1932",,40.352,-26.824,,,,2001-05-05,2001,Portugal,Atlántico Norte,OCCURRENCE,c063bd29-d63b-4ff5-bb79-adb1a4533b1a,COLETA - IMAR/DOP-UAz Reference Collection from 1977 to 2012.,10.14284/23,Institute of Marine Research,dfad10f6-d84b-4fa2-b6d0-df2a3eb38b65,IMAR/DOP,CC-BY,http://creativecommons.org/licenses/by/4.0/legalcode,COLETA_328,sin_profundidad,si
GBIF,2824608595,"Grimpoteuthis greeni Verhoeff & O'Shea, 2022",Grimpoteuthis greeni,-38.5647,149.44,,,,2000-04-19,2000,Australia,Pacífico Sur,PRESERVED_SPECIMEN,4ffe66a0-6c8b-11de-8226-b8a03c50a862,Tasmanian Museum and Art Gallery provider for OZCAM,10.15468/ijp8p9,Tasmanian Museum and Art Gallery,8a226609-56b9-4b87-a0a2-767c38edd572,TMAG,CC-BY,http://creativecommons.org/licenses/by/4.0/legalcode,fd69d80a-9b12-4c55-b758-ed8be3231eb3,sin_profundidad,si
GBIF,5794508757,"Grimpoteuthis discoveryi Collins, 2003",Grimpoteuthis discoveryi,40,-40,3987.5,3972,4003,2000-09-18,2000,,Atlántico Norte,OCCURRENCE,2d880bf8-b3e1-4bc5-b46e-c961180ff869,Taxonomic Information System for the Belgian coastal area,10.15468/zx9xxx,Flanders Marine Institute,2089ce96-4fb5-4a20-999c-3ccf45a27a4d,VLIZ,CC-BY,http://creativecommons.org/licenses/by/4.0/legalcode,urn:catalog:VLIZ:Tisbe:317694,coordenada_generica_placeholder,no
GBIF,5794508758,"Grimpoteuthis discoveryi Collins, 2003",Grimpoteuthis discoveryi,40,-40,4840,4835,4845,2000-10-07,2000,,Atlántico Norte,OCCURRENCE,2d880bf8-b3e1-4bc5-b46e-c961180ff869,Taxonomic Information System for the Belgian coastal area,10.15468/zx9xxx,Flanders Marine Institute,2089ce96-4fb5-4a20-999c-3ccf45a27a4d,VLIZ,CC-BY,http://creativecommons.org/licenses/by/4.0/legalcode,urn:catalog:VLIZ:Tisbe:317695,coordenada_generica_placeholder,no
GBIF,5794508741,"Grimpoteuthis challengeri Collins, 2003",Grimpoteuthis challengeri,40,-40,4824,4811,4837,1999-04-26,1999,,Atlántico Norte,OCCURRENCE,2d880bf8-b3e1-4bc5-b46e-c961180ff869,Taxonomic Information System for the Belgian coastal area,10.15468/zx9xxx,Flanders Marine Institute,2089ce96-4fb5-4a20-999c-3ccf45a27a4d,VLIZ,CC-BY,http://creativecommons.org/licenses/by/4.0/legalcode,urn:catalog:VLIZ:Tisbe:317683,coordenada_generica_placeholder,no
GBIF,5794508756,"Grimpoteuthis discoveryi Collins, 2003",Grimpoteuthis discoveryi,40,-40,4824,4811,4837,1999-04-26,1999,,Atlántico Norte,OCCURRENCE,2d880bf8-b3e1-4bc5-b46e-c961180ff869,Taxonomic Information System for the Belgian coastal area,10.15468/zx9xxx,Flanders Marine Institute,2089ce96-4fb5-4a20-999c-3ccf45a27a4d,VLIZ,CC-BY,http://creativecommons.org/licenses/by/4.0/legalcode,urn:catalog:VLIZ:Tisbe:317697,coordenada_generica_placeholder,no
GBIF,1056314099,"Grimpoteuthis boylei Collins, 2003",Grimpoteuthis boylei,48.45,-15.67,4841.5,4840,4843,1999-05-02,1999,,Atlántico Norte,PRESERVED_SPECIMEN,7e380070-f762-11e1-a439-00145eb45e9a,Natural History Museum (London) Collection Specimens,10.5519/qd.20dz6blc,Natural History Museum,19456090-b49a-11d8-abeb-b8a03c50a862,NHMUK,CC0,http://creativecommons.org/publicdomain/zero/1.0/legalcode,56ce3769-153d-48be-a9f4-a7cb0819708b,,si
GBIF,5794508751,"Grimpoteuthis challengeri Collins, 2003",Grimpoteuthis challengeri,40,-40,4844,4843,4845,1999-05-02,1999,,Atlántico Norte,OCCURRENCE,2d880bf8-b3e1-4bc5-b46e-c961180ff869,Taxonomic Information System for the Belgian coastal area,10.15468/zx9xxx,Flanders Marine Institute,2089ce96-4fb5-4a20-999c-3ccf45a27a4d,VLIZ,CC-BY,http://creativecommons.org/licenses/by/4.0/legalcode,urn:catalog:VLIZ:Tisbe:317690,coordenada_generica_placeholder,no
GBIF,5794508753,"Grimpoteuthis discoveryi Collins, 2003",Grimpoteuthis discoveryi,40,-40,4844,4843,4845,1999-05-02,1999,,Atlántico Norte,OCCURRENCE,2d880bf8-b3e1-4bc5-b46e-c961180ff869,Taxonomic Information System for the Belgian coastal area,10.15468/zx9xxx,Flanders Marine Institute,2089ce96-4fb5-4a20-999c-3ccf45a27a4d,VLIZ,CC-BY,http://creativecommons.org/licenses/by/4.0/legalcode,urn:catalog:VLIZ:Tisbe:317698,coordenada_generica_placeholder,no
GBIF,5794579762,"Grimpoteuthis boylei Collins, 2003",Grimpoteuthis boylei,40,-40,4841.5,4840,4843,1999-05-02,1999,,Atlántico Norte,OCCURRENCE,2d880bf8-b3e1-4bc5-b46e-c961180ff869,Taxonomic Information System for the Belgian coastal area,10.15468/zx9xxx,Flanders Marine Institute,2089ce96-4fb5-4a20-999c-3ccf45a27a4d,VLIZ,CC-BY,http://creativecommons.org/licenses/by/4.0/legalcode,urn:catalog:VLIZ:Tisbe:317739,coordenada_generica_placeholder,no
GBIF,1057342373,"Grimpoteuthis challengeri Collins, 2003",Grimpoteuthis challengeri,48.93,-15.75,4833,4828,4838,1998-03-22,1998,,Atlántico Norte,PRESERVED_SPECIMEN,7e380070-f762-11e1-a439-00145eb45e9a,Natural History Museum (London) Collection Specimens,10.5519/qd.20dz6blc,Natural History Museum,19456090-b49a-11d8-abeb-b8a03c50a862,NHMUK,CC0,http://creativecommons.org/publicdomain/zero/1.0/legalcode,1954704a-f6e5-48eb-8712-5aa3d2291566,,si
GBIF,4055766162,"Grimpoteuthis challengeri Collins, 2003",Grimpoteuthis challengeri,40,-40,4833,4828,4838,1998-03-22,1998,,Atlántico Norte,PRESERVED_SPECIMEN,2f7c33b3-ea7a-40ac-a3b7-bace96f978f7,Type locality distributions from the World Register of Marine Species,10.15468/nmcdsv,Flanders Marine Institute,2089ce96-4fb5-4a20-999c-3ccf45a27a4d,WoRMS Editorial Board,CC-BY,http://creativecommons.org/licenses/by/4.0/legalcode,WoRMS Editorial Board:WoRMS type localities:dr_id_317688,"coordenada_generica_placeholder;localidad_tipo_WoRMS_posible_duplicado_de_especimen",no
GBIF,5794508737,"Grimpoteuthis challengeri Collins, 2003",Grimpoteuthis challengeri,40,-40,4834,4832,4836,1998-03-23,1998,,Atlántico Norte,OCCURRENCE,2d880bf8-b3e1-4bc5-b46e-c961180ff869,Taxonomic Information System for the Belgian coastal area,10.15468/zx9xxx,Flanders Marine Institute,2089ce96-4fb5-4a20-999c-3ccf45a27a4d,VLIZ,CC-BY,http://creativecommons.org/licenses/by/4.0/legalcode,urn:catalog:VLIZ:Tisbe:317687,coordenada_generica_placeholder,no
GBIF,5794508738,"Grimpoteuthis challengeri Collins, 2003",Grimpoteuthis challengeri,40,-40,4833,4828,4838,1998-03-22,1998,,Atlántico Norte,OCCURRENCE,2d880bf8-b3e1-4bc5-b46e-c961180ff869,Taxonomic Information System for the Belgian coastal area,10.15468/zx9xxx,Flanders Marine Institute,2089ce96-4fb5-4a20-999c-3ccf45a27a4d,VLIZ,CC-BY,http://creativecommons.org/licenses/by/4.0/legalcode,urn:catalog:VLIZ:Tisbe:317688,coordenada_generica_placeholder,no
GBIF,5794579600,"Grimpoteuthis discoveryi Collins, 2003",Grimpoteuthis discoveryi,40,-40,4832,4828,4836,1998-03-23,1998,,Atlántico Norte,OCCURRENCE,2d880bf8-b3e1-4bc5-b46e-c961180ff869,Taxonomic Information System for the Belgian coastal area,10.15468/zx9xxx,Flanders Marine Institute,2089ce96-4fb5-4a20-999c-3ccf45a27a4d,VLIZ,CC-BY,http://creativecommons.org/licenses/by/4.0/legalcode,urn:catalog:VLIZ:Tisbe:317710,coordenada_generica_placeholder,no
GBIF,5794579641,"Grimpoteuthis discoveryi Collins, 2003",Grimpoteuthis discoveryi,40,-40,4833,4828,4838,1998-03-22,1998,,Atlántico Norte,OCCURRENCE,2d880bf8-b3e1-4bc5-b46e-c961180ff869,Taxonomic Information System for the Belgian coastal area,10.15468/zx9xxx,Flanders Marine Institute,2089ce96-4fb5-4a20-999c-3ccf45a27a4d,VLIZ,CC-BY,http://creativecommons.org/licenses/by/4.0/legalcode,urn:catalog:VLIZ:Tisbe:317709,coordenada_generica_placeholder,no
GBIF,5794579767,"Grimpoteuthis boylei Collins, 2003",Grimpoteuthis boylei,40,-40,,,,1998-03-18,1998,,Atlántico Norte,OCCURRENCE,2d880bf8-b3e1-4bc5-b46e-c961180ff869,Taxonomic Information System for the Belgian coastal area,10.15468/zx9xxx,Flanders Marine Institute,2089ce96-4fb5-4a20-999c-3ccf45a27a4d,VLIZ,CC-BY,http://creativecommons.org/licenses/by/4.0/legalcode,urn:catalog:VLIZ:Tisbe:317738,"coordenada_generica_placeholder;sin_profundidad",no
GBIF,1056016407,"Grimpoteuthis boylei Collins, 2003",Grimpoteuthis boylei,48.88,-16.67,4847.5,4847,4848,1997-07-10,1997,,Atlántico Norte,PRESERVED_SPECIMEN,7e380070-f762-11e1-a439-00145eb45e9a,Natural History Museum (London) Collection Specimens,10.5519/qd.20dz6blc,Natural History Museum,19456090-b49a-11d8-abeb-b8a03c50a862,NHMUK,CC0,http://creativecommons.org/publicdomain/zero/1.0/legalcode,6b9836fd-6df0-43ee-bcf8-eb070c91d1a8,,si
GBIF,1056407322,"Grimpoteuthis boylei Collins, 2003",Grimpoteuthis boylei,48.88,-16.67,4847.5,4847,4848,1997-07-10,1997,,Atlántico Norte,PRESERVED_SPECIMEN,7e380070-f762-11e1-a439-00145eb45e9a,Natural History Museum (London) Collection Specimens,10.5519/qd.20dz6blc,Natural History Museum,19456090-b49a-11d8-abeb-b8a03c50a862,NHMUK,CC0,http://creativecommons.org/publicdomain/zero/1.0/legalcode,b16072ec-0c56-4175-b3fc-17f3d3436a90,,si
GBIF,5794579756,"Grimpoteuthis boylei Collins, 2003",Grimpoteuthis boylei,40,-40,4847.5,4847,4848,1997-07-10,1997,,Atlántico Norte,OCCURRENCE,2d880bf8-b3e1-4bc5-b46e-c961180ff869,Taxonomic Information System for the Belgian coastal area,10.15468/zx9xxx,Flanders Marine Institute,2089ce96-4fb5-4a20-999c-3ccf45a27a4d,VLIZ,CC-BY,http://creativecommons.org/licenses/by/4.0/legalcode,urn:catalog:VLIZ:Tisbe:317740,coordenada_generica_placeholder,no
GBIF,5794579647,"Grimpoteuthis discoveryi Collins, 2003",Grimpoteuthis discoveryi,40,-40,4143,4143,4143,1997-08-09,1997,,Atlántico Norte,OCCURRENCE,2d880bf8-b3e1-4bc5-b46e-c961180ff869,Taxonomic Information System for the Belgian coastal area,10.15468/zx9xxx,Flanders Marine Institute,2089ce96-4fb5-4a20-999c-3ccf45a27a4d,VLIZ,CC-BY,http://creativecommons.org/licenses/by/4.0/legalcode,urn:catalog:VLIZ:Tisbe:317720,coordenada_generica_placeholder,no
GBIF,5794579722,"Grimpoteuthis discoveryi Collins, 2003",Grimpoteuthis discoveryi,40,-40,4139,4139,4139,1997-08-17,1997,,Atlántico Norte,OCCURRENCE,2d880bf8-b3e1-4bc5-b46e-c961180ff869,Taxonomic Information System for the Belgian coastal area,10.15468/zx9xxx,Flanders Marine Institute,2089ce96-4fb5-4a20-999c-3ccf45a27a4d,VLIZ,CC-BY,http://creativecommons.org/licenses/by/4.0/legalcode,urn:catalog:VLIZ:Tisbe:317722,coordenada_generica_placeholder,no
GBIF,5794579614,"Grimpoteuthis discoveryi Collins, 2003",Grimpoteuthis discoveryi,40,-40,4841.5,4837,4846,1997-10-20,1997,,Atlántico Norte,OCCURRENCE,2d880bf8-b3e1-4bc5-b46e-c961180ff869,Taxonomic Information System for the Belgian coastal area,10.15468/zx9xxx,Flanders Marine Institute,2089ce96-4fb5-4a20-999c-3ccf45a27a4d,VLIZ,CC-BY,http://creativecommons.org/licenses/by/4.0/legalcode,urn:catalog:VLIZ:Tisbe:317706,coordenada_generica_placeholder,no
GBIF,1318612903,"Grimpoteuthis boylei Collins, 2003",Grimpoteuthis boylei,48.8,-16.27,4837.5,4836,4839,1996-09-12,1996,,Atlántico Norte,PRESERVED_SPECIMEN,821cc27a-e3bb-4bc5-ac34-89ada245069d,NMNH Extant Biology,10.15468/hnhrg3,"National Museum of Natural History, Smithsonian Institution",bc092ff0-02e4-11dc-991f-b8a03c50a862,USNM,CC0,http://creativecommons.org/publicdomain/zero/1.0/legalcode,http://n2t.net/ark:/65665/33e62b152-165e-499f-b522-77ebe3d13e5c,,si
GBIF,1321098110,"Grimpoteuthis challengeri Collins, 2003",Grimpoteuthis challengeri,48.88,-16.52,4838,4836,4840,1996-09-16,1996,,Atlántico Norte,PRESERVED_SPECIMEN,821cc27a-e3bb-4bc5-ac34-89ada245069d,NMNH Extant Biology,10.15468/hnhrg3,"National Museum of Natural History, Smithsonian Institution",bc092ff0-02e4-11dc-991f-b8a03c50a862,USNM,CC0,http://creativecommons.org/publicdomain/zero/1.0/legalcode,http://n2t.net/ark:/65665/3ac4b08da-ec5d-43a8-87d0-8fe9707cde4f,,si
GBIF,4903138010,"Grimpoteuthis G.C.Robson, 1932",,48.80586,-16.632756,4839,4837,4841,1996-09-09T00:45Z/1996-09-09T04:25Z,1996,,Atlántico Norte,PRESERVED_SPECIMEN,bfb35608-6485-4f5d-9a64-fd685c98cfb4,PAP-TRAWL,10.15468/rut7zd,The Discovery Collections,fc220232-de19-407f-b834-1d7c3d248c70,NOC,CC-BY,http://creativecommons.org/licenses/by/4.0/legalcode,NOC.DISCOLL.12930.046.Cephalopoda.8.1,,si
GBIF,5794508740,"Grimpoteuthis challengeri Collins, 2003",Grimpoteuthis challengeri,40,-40,4838,4836,4840,1996-09-16,1996,,Atlántico Norte,OCCURRENCE,2d880bf8-b3e1-4bc5-b46e-c961180ff869,Taxonomic Information System for the Belgian coastal area,10.15468/zx9xxx,Flanders Marine Institute,2089ce96-4fb5-4a20-999c-3ccf45a27a4d,VLIZ,CC-BY,http://creativecommons.org/licenses/by/4.0/legalcode,urn:catalog:VLIZ:Tisbe:317686,coordenada_generica_placeholder,no
GBIF,5794508743,"Grimpoteuthis challengeri Collins, 2003",Grimpoteuthis challengeri,40,-40,4837.5,4836,4839,1996-09-12,1996,,Atlántico Norte,OCCURRENCE,2d880bf8-b3e1-4bc5-b46e-c961180ff869,Taxonomic Information System for the Belgian coastal area,10.15468/zx9xxx,Flanders Marine Institute,2089ce96-4fb5-4a20-999c-3ccf45a27a4d,VLIZ,CC-BY,http://creativecommons.org/licenses/by/4.0/legalcode,urn:catalog:VLIZ:Tisbe:317684,coordenada_generica_placeholder,no
GBIF,5794579630,"Grimpoteuthis discoveryi Collins, 2003",Grimpoteuthis discoveryi,40,-40,4839.5,4836,4843,1996-09-04,1996,,Atlántico Norte,OCCURRENCE,2d880bf8-b3e1-4bc5-b46e-c961180ff869,Taxonomic Information System for the Belgian coastal area,10.15468/zx9xxx,Flanders Marine Institute,2089ce96-4fb5-4a20-999c-3ccf45a27a4d,VLIZ,CC-BY,http://creativecommons.org/licenses/by/4.0/legalcode,urn:catalog:VLIZ:Tisbe:317700,coordenada_generica_placeholder,no
GBIF,5794579632,"Grimpoteuthis discoveryi Collins, 2003",Grimpoteuthis discoveryi,40,-40,4837.5,4836,4839,1996-09-12,1996,,Atlántico Norte,OCCURRENCE,2d880bf8-b3e1-4bc5-b46e-c961180ff869,Taxonomic Information System for the Belgian coastal area,10.15468/zx9xxx,Flanders Marine Institute,2089ce96-4fb5-4a20-999c-3ccf45a27a4d,VLIZ,CC-BY,http://creativecommons.org/licenses/by/4.0/legalcode,urn:catalog:VLIZ:Tisbe:317701,coordenada_generica_placeholder,no
GBIF,5794579766,"Grimpoteuthis boylei Collins, 2003",Grimpoteuthis boylei,40,-40,4837.5,4836,4839,1996-09-12,1996,,Atlántico Norte,OCCURRENCE,2d880bf8-b3e1-4bc5-b46e-c961180ff869,Taxonomic Information System for the Belgian coastal area,10.15468/zx9xxx,Flanders Marine Institute,2089ce96-4fb5-4a20-999c-3ccf45a27a4d,VLIZ,CC-BY,http://creativecommons.org/licenses/by/4.0/legalcode,urn:catalog:VLIZ:Tisbe:317737,coordenada_generica_placeholder,no
GBIF,4081093512,"Grimpoteuthis innominata (O'Shea, 1999)",Grimpoteuthis innominata,-42.613167,-176.1635,1999.5,1999,2000,1992-03-02,1992,New Zealand,Pacífico Sur,PRESERVED_SPECIMEN,4d0b1b2a-3209-49ce-bb93-7503e4868019,Earth Sciences New Zealand National Invertebrate Collection (NIC),10.15468/6qgswo,Earth Sciences New Zealand (ESNZ),c58ac019-b413-4613-8772-39e57acbeb8e,Earth Sciences New Zealand,CC-BY,http://creativecommons.org/licenses/by/4.0/legalcode,5c31aa94-fa36-11e2-96b3-aa6f927c92a3,,si
GBIF,6045768388,"Grimpoteuthis innominata (O'Shea, 1999)",Grimpoteuthis innominata,-42.6131,-176.164,2000.5,1999,2002,1992-03-02,1992,New Zealand,Pacífico Sur,PRESERVED_SPECIMEN,ff2ed94e-45ee-4dde-8e1f-0a4798f61a12,Mollusc collection at Museum of New Zealand Te Papa Tongarewa,10.15468/msce6x,Museum of New Zealand Te Papa Tongarewa,afae4f45-b85e-4a0e-9d93-f30f044e8140,NMNZ,CC-BY,http://creativecommons.org/licenses/by/4.0/legalcode,tepapa:collection/object/757380,,si
GBIF,6045769343,"Grimpoteuthis innominata (O'Shea, 1999)",Grimpoteuthis innominata,-42.6131,-176.164,2000.5,1999,2002,1992-03-02,1992,New Zealand,Pacífico Sur,PRESERVED_SPECIMEN,ff2ed94e-45ee-4dde-8e1f-0a4798f61a12,Mollusc collection at Museum of New Zealand Te Papa Tongarewa,10.15468/msce6x,Museum of New Zealand Te Papa Tongarewa,afae4f45-b85e-4a0e-9d93-f30f044e8140,NMNZ,CC-BY,http://creativecommons.org/licenses/by/4.0/legalcode,tepapa:collection/object/630417,,si
GBIF,5794579627,"Grimpoteuthis discoveryi Collins, 2003",Grimpoteuthis discoveryi,40,-40,4818,4789,4847,1989-08-24,1989,,Atlántico Norte,OCCURRENCE,2d880bf8-b3e1-4bc5-b46e-c961180ff869,Taxonomic Information System for the Belgian coastal area,10.15468/zx9xxx,Flanders Marine Institute,2089ce96-4fb5-4a20-999c-3ccf45a27a4d,VLIZ,CC-BY,http://creativecommons.org/licenses/by/4.0/legalcode,urn:catalog:VLIZ:Tisbe:317703,coordenada_generica_placeholder,no
GBIF,1055597303,"Grimpoteuthis challengeri Collins, 2003",Grimpoteuthis challengeri,48.8,-16.5,4846,4843,4849,1989-09-05,1989,,Atlántico Norte,PRESERVED_SPECIMEN,7e380070-f762-11e1-a439-00145eb45e9a,Natural History Museum (London) Collection Specimens,10.5519/qd.20dz6blc,Natural History Museum,19456090-b49a-11d8-abeb-b8a03c50a862,NHMUK,CC0,http://creativecommons.org/publicdomain/zero/1.0/legalcode,8ab0efd6-6b50-451c-ae33-6da0a2b02dcd,,si
GBIF,1056310942,"Grimpoteuthis boylei Collins, 2003",Grimpoteuthis boylei,48.78,-16.5,4846,4845,4847,1989-09-03,1989,,Atlántico Norte,PRESERVED_SPECIMEN,7e380070-f762-11e1-a439-00145eb45e9a,Natural History Museum (London) Collection Specimens,10.5519/qd.20dz6blc,Natural History Museum,19456090-b49a-11d8-abeb-b8a03c50a862,NHMUK,CC0,http://creativecommons.org/publicdomain/zero/1.0/legalcode,264f8c6b-073d-4d46-b3b1-fb3e98e6e36f,,si
GBIF,1318605914,"Grimpoteuthis challengeri Collins, 2003",Grimpoteuthis challengeri,48.78,-16.42,4865,4853,4877,1989-09-12,1989,,Atlántico Norte,PRESERVED_SPECIMEN,821cc27a-e3bb-4bc5-ac34-89ada245069d,NMNH Extant Biology,10.15468/hnhrg3,"National Museum of Natural History, Smithsonian Institution",bc092ff0-02e4-11dc-991f-b8a03c50a862,USNM,CC0,http://creativecommons.org/publicdomain/zero/1.0/legalcode,http://n2t.net/ark:/65665/33e1312de-6bd9-4186-a587-c0b39640a232,,si
GBIF,5794508739,"Grimpoteuthis challengeri Collins, 2003",Grimpoteuthis challengeri,40,-40,4846,4843,4849,1989-09-05,1989,,Atlántico Norte,OCCURRENCE,2d880bf8-b3e1-4bc5-b46e-c961180ff869,Taxonomic Information System for the Belgian coastal area,10.15468/zx9xxx,Flanders Marine Institute,2089ce96-4fb5-4a20-999c-3ccf45a27a4d,VLIZ,CC-BY,http://creativecommons.org/licenses/by/4.0/legalcode,urn:catalog:VLIZ:Tisbe:317685,coordenada_generica_placeholder,no
GBIF,5794508754,"Grimpoteuthis discoveryi Collins, 2003",Grimpoteuthis discoveryi,40,-40,4865,4853,4877,1989-09-12,1989,,Atlántico Norte,OCCURRENCE,2d880bf8-b3e1-4bc5-b46e-c961180ff869,Taxonomic Information System for the Belgian coastal area,10.15468/zx9xxx,Flanders Marine Institute,2089ce96-4fb5-4a20-999c-3ccf45a27a4d,VLIZ,CC-BY,http://creativecommons.org/licenses/by/4.0/legalcode,urn:catalog:VLIZ:Tisbe:317699,coordenada_generica_placeholder,no
GBIF,5794508761,"Grimpoteuthis challengeri Collins, 2003",Grimpoteuthis challengeri,40,-40,4865,4853,4877,1989-09-12,1989,,Atlántico Norte,OCCURRENCE,2d880bf8-b3e1-4bc5-b46e-c961180ff869,Taxonomic Information System for the Belgian coastal area,10.15468/zx9xxx,Flanders Marine Institute,2089ce96-4fb5-4a20-999c-3ccf45a27a4d,VLIZ,CC-BY,http://creativecommons.org/licenses/by/4.0/legalcode,urn:catalog:VLIZ:Tisbe:317689,coordenada_generica_placeholder,no
GBIF,5794579617,"Grimpoteuthis discoveryi Collins, 2003",Grimpoteuthis discoveryi,40,-40,4847.5,4839,4856,1989-09-07,1989,,Atlántico Norte,OCCURRENCE,2d880bf8-b3e1-4bc5-b46e-c961180ff869,Taxonomic Information System for the Belgian coastal area,10.15468/zx9xxx,Flanders Marine Institute,2089ce96-4fb5-4a20-999c-3ccf45a27a4d,VLIZ,CC-BY,http://creativecommons.org/licenses/by/4.0/legalcode,urn:catalog:VLIZ:Tisbe:317704,coordenada_generica_placeholder,no
GBIF,5794579751,"Grimpoteuthis boylei Collins, 2003",Grimpoteuthis boylei,40,-20,4846,4845,4847,1989-09-03,1989,,Atlántico Norte,OCCURRENCE,2d880bf8-b3e1-4bc5-b46e-c961180ff869,Taxonomic Information System for the Belgian coastal area,10.15468/zx9xxx,Flanders Marine Institute,2089ce96-4fb5-4a20-999c-3ccf45a27a4d,VLIZ,CC-BY,http://creativecommons.org/licenses/by/4.0/legalcode,urn:catalog:VLIZ:Tisbe:317742,coordenada_generica_placeholder,no
GBIF,4146327923,"Grimpoteuthis G.C.Robson, 1932",,-33.23,44.2,1729,18,3440,1988-12-08,1988,,Océano Índico,HUMAN_OBSERVATION,2931765e-0682-4a38-85eb-032964cc3792,SeamountsOnline,10.15468/2juyaz,United States Geological Survey,c3ad790a-d426-4ac1-8e32-da61f81f0117,SCSD,CC-BY,http://creativecommons.org/licenses/by/4.0/legalcode,SeamountsOnline_urn:lsid:marinespecies.org:taxname:138293_28966,profundidad_rango_amplio_>1000m,si
GBIF,1272676273,"Grimpoteuthis G.C.Robson, 1932",,-68.5517,76.9683,731,729,733,1987-02-18,1987,Antarctica,Océano Austral,PRESERVED_SPECIMEN,39905320-6c8a-11de-8226-b8a03c50a862,PRYDZ,10.15468/lp1ctu,Museums Victoria,4cff2aca-5ce5-4028-88e6-d79b6449173a,NMV,CC0,http://creativecommons.org/publicdomain/zero/1.0/legalcode,4457151a-6bc9-4986-8be2-ff367bab7af4,,si
GBIF,5794579720,"Grimpoteuthis discoveryi Collins, 2003",Grimpoteuthis discoveryi,40,-40,2887.5,2875,2900,1987-10-21,1987,,Atlántico Norte,OCCURRENCE,2d880bf8-b3e1-4bc5-b46e-c961180ff869,Taxonomic Information System for the Belgian coastal area,10.15468/zx9xxx,Flanders Marine Institute,2089ce96-4fb5-4a20-999c-3ccf45a27a4d,VLIZ,CC-BY,http://creativecommons.org/licenses/by/4.0/legalcode,urn:catalog:VLIZ:Tisbe:317725,coordenada_generica_placeholder,no
GBIF,5794579615,"Grimpoteuthis discoveryi Collins, 2003",Grimpoteuthis discoveryi,40,-40,4807.5,4805,4810,1986-12-05,1986,,Atlántico Norte,OCCURRENCE,2d880bf8-b3e1-4bc5-b46e-c961180ff869,Taxonomic Information System for the Belgian coastal area,10.15468/zx9xxx,Flanders Marine Institute,2089ce96-4fb5-4a20-999c-3ccf45a27a4d,VLIZ,CC-BY,http://creativecommons.org/licenses/by/4.0/legalcode,urn:catalog:VLIZ:Tisbe:317707,coordenada_generica_placeholder,no
GBIF,5794579621,"Grimpoteuthis discoveryi Collins, 2003",Grimpoteuthis discoveryi,40,-40,4855,4850,4860,1986-12-05,1986,,Atlántico Norte,OCCURRENCE,2d880bf8-b3e1-4bc5-b46e-c961180ff869,Taxonomic Information System for the Belgian coastal area,10.15468/zx9xxx,Flanders Marine Institute,2089ce96-4fb5-4a20-999c-3ccf45a27a4d,VLIZ,CC-BY,http://creativecommons.org/licenses/by/4.0/legalcode,urn:catalog:VLIZ:Tisbe:317702,coordenada_generica_placeholder,no
GBIF,1085613889,"Grimpoteuthis greeni Verhoeff & O'Shea, 2022",Grimpoteuthis greeni,-33.398732,126.901133,,,,1985-06-01,1985,Australia,Océano Índico,PRESERVED_SPECIMEN,4ffe66a0-6c8b-11de-8226-b8a03c50a862,Tasmanian Museum and Art Gallery provider for OZCAM,10.15468/ijp8p9,Tasmanian Museum and Art Gallery,8a226609-56b9-4b87-a0a2-767c38edd572,TMAG,CC-BY,http://creativecommons.org/licenses/by/4.0/legalcode,0f710c92-1fed-4a4c-a0fd-e0409c9673d5,sin_profundidad,si
GBIF,1272654724,"Grimpoteuthis greeni Verhoeff & O'Shea, 2022",Grimpoteuthis greeni,-34.02,131.9,1024,1014,1034,1984-11-09,1984,Australia,Océano Índico,PRESERVED_SPECIMEN,39905320-6c8a-11de-8226-b8a03c50a862,Museums Victoria provider for OZCAM,10.15468/lp1ctu,Museums Victoria,4cff2aca-5ce5-4028-88e6-d79b6449173a,NMV,CC0,http://creativecommons.org/publicdomain/zero/1.0/legalcode,da5b8f51-6c8e-44c4-ae25-27d1205b1c7a,,si
GBIF,3901901308,"Grimpoteuthis G.C.Robson, 1932",,-15.8,120.6833,,,,1984,1984,Australia,Océano Índico,PRESERVED_SPECIMEN,7c93d290-6c8b-11de-8226-b8a03c50a862,Western Australian Museum provider for OZCAM,10.15468/5qt0dm,Western Australian Museum,b36f3505-f2d9-499f-a669-fa418a127b9d,WAM,CC-BY,http://creativecommons.org/licenses/by/4.0/legalcode,b75d42ee-e3f6-496f-a074-ab39d5922215,sin_profundidad,si
GBIF,5794579672,"Grimpoteuthis discoveryi Collins, 2003",Grimpoteuthis discoveryi,40,-40,3955,3920,3990,1983-09-29,1983,,Atlántico Norte,OCCURRENCE,2d880bf8-b3e1-4bc5-b46e-c961180ff869,Taxonomic Information System for the Belgian coastal area,10.15468/zx9xxx,Flanders Marine Institute,2089ce96-4fb5-4a20-999c-3ccf45a27a4d,VLIZ,CC-BY,http://creativecommons.org/licenses/by/4.0/legalcode,urn:catalog:VLIZ:Tisbe:317712,coordenada_generica_placeholder,no
GBIF,1055679927,"Grimpoteuthis discoveryi Collins, 2003",Grimpoteuthis discoveryi,49.58,-14.02,4222.5,4190,4255,1982-02-20,1982,Ireland,Atlántico Norte,PRESERVED_SPECIMEN,7e380070-f762-11e1-a439-00145eb45e9a,Natural History Museum (London) Collection Specimens,10.5519/qd.20dz6blc,Natural History Museum,19456090-b49a-11d8-abeb-b8a03c50a862,NHMUK,CC0,http://creativecommons.org/publicdomain/zero/1.0/legalcode,88fd9f03-ed09-446e-a121-b950981e936e,,si
GBIF,1056142791,"Grimpoteuthis boylei Collins, 2003",Grimpoteuthis boylei,49.58,-14.07,4222.5,4190,4255,1982-02-20,1982,Ireland,Atlántico Norte,PRESERVED_SPECIMEN,7e380070-f762-11e1-a439-00145eb45e9a,Natural History Museum (London) Collection Specimens,10.5519/qd.20dz6blc,Natural History Museum,19456090-b49a-11d8-abeb-b8a03c50a862,NHMUK,CC0,http://creativecommons.org/publicdomain/zero/1.0/legalcode,670b0070-36da-4f14-9efb-c12833051ac7,,si
GBIF,1056500606,"Grimpoteuthis discoveryi Collins, 2003",Grimpoteuthis discoveryi,49.58,-14.02,4222.5,4190,4255,1982-02-20,1982,Ireland,Atlántico Norte,PRESERVED_SPECIMEN,7e380070-f762-11e1-a439-00145eb45e9a,Natural History Museum (London) Collection Specimens,10.5519/qd.20dz6blc,Natural History Museum,19456090-b49a-11d8-abeb-b8a03c50a862,NHMUK,CC0,http://creativecommons.org/publicdomain/zero/1.0/legalcode,1cfd2719-23b9-4314-af3b-1517888dc8e2,,si
GBIF,1318271946,"Grimpoteuthis discoveryi Collins, 2003",Grimpoteuthis discoveryi,49.5817,-14.01,4222.5,4190,4255,1982-02-20,1982,Ireland,Atlántico Norte,PRESERVED_SPECIMEN,821cc27a-e3bb-4bc5-ac34-89ada245069d,NMNH Extant Biology,10.15468/hnhrg3,"National Museum of Natural History, Smithsonian Institution",bc092ff0-02e4-11dc-991f-b8a03c50a862,USNM,CC0,http://creativecommons.org/publicdomain/zero/1.0/legalcode,http://n2t.net/ark:/65665/32f4cc044-ecd6-44dc-adae-14e270ecf12d,,si
GBIF,1321049032,"Grimpoteuthis discoveryi Collins, 2003",Grimpoteuthis discoveryi,49.5817,-14.01,4222.5,4190,4255,1982-02-20,1982,Ireland,Atlántico Norte,PRESERVED_SPECIMEN,821cc27a-e3bb-4bc5-ac34-89ada245069d,NMNH Extant Biology,10.15468/hnhrg3,"National Museum of Natural History, Smithsonian Institution",bc092ff0-02e4-11dc-991f-b8a03c50a862,USNM,CC0,http://creativecommons.org/publicdomain/zero/1.0/legalcode,http://n2t.net/ark:/65665/3aa203d4c-327c-442f-b9d5-5011e73fb64f,,si
GBIF,5794579712,"Grimpoteuthis discoveryi Collins, 2003",Grimpoteuthis discoveryi,40,-40,4222.5,4190,4255,1982-02-20,1982,,Atlántico Norte,OCCURRENCE,2d880bf8-b3e1-4bc5-b46e-c961180ff869,Taxonomic Information System for the Belgian coastal area,10.15468/zx9xxx,Flanders Marine Institute,2089ce96-4fb5-4a20-999c-3ccf45a27a4d,VLIZ,CC-BY,http://creativecommons.org/licenses/by/4.0/legalcode,urn:catalog:VLIZ:Tisbe:317729,coordenada_generica_placeholder,no
GBIF,5794579821,"Grimpoteuthis boylei Collins, 2003",Grimpoteuthis boylei,40,-40,2872.5,1490,4255,1982-02-20,1982,,Atlántico Norte,OCCURRENCE,2d880bf8-b3e1-4bc5-b46e-c961180ff869,Taxonomic Information System for the Belgian coastal area,10.15468/zx9xxx,Flanders Marine Institute,2089ce96-4fb5-4a20-999c-3ccf45a27a4d,VLIZ,CC-BY,http://creativecommons.org/licenses/by/4.0/legalcode,urn:catalog:VLIZ:Tisbe:317744,"coordenada_generica_placeholder;profundidad_rango_amplio_>1000m",no
GBIF,1057357561,"Grimpoteuthis discoveryi Collins, 2003",Grimpoteuthis discoveryi,50,-14.12,4245,4180,4310,1982-03-30,1982,Ireland,Atlántico Norte,PRESERVED_SPECIMEN,7e380070-f762-11e1-a439-00145eb45e9a,Natural History Museum (London) Collection Specimens,10.5519/qd.20dz6blc,Natural History Museum,19456090-b49a-11d8-abeb-b8a03c50a862,NHMUK,CC0,http://creativecommons.org/publicdomain/zero/1.0/legalcode,b76cb0ef-03e3-4f7d-9c98-88949b3b9c86,,si
GBIF,1057516674,"Grimpoteuthis discoveryi Collins, 2003",Grimpoteuthis discoveryi,50,-14.12,4245,4180,4310,1982-03-30,1982,Ireland,Atlántico Norte,PRESERVED_SPECIMEN,7e380070-f762-11e1-a439-00145eb45e9a,Natural History Museum (London) Collection Specimens,10.5519/qd.20dz6blc,Natural History Museum,19456090-b49a-11d8-abeb-b8a03c50a862,NHMUK,CC0,http://creativecommons.org/publicdomain/zero/1.0/legalcode,d03fc73b-9384-4e48-95f1-6b738002df58,,si
GBIF,5794579702,"Grimpoteuthis discoveryi Collins, 2003",Grimpoteuthis discoveryi,40,-40,4245,4180,4310,1982-03-30,1982,,Atlántico Norte,OCCURRENCE,2d880bf8-b3e1-4bc5-b46e-c961180ff869,Taxonomic Information System for the Belgian coastal area,10.15468/zx9xxx,Flanders Marine Institute,2089ce96-4fb5-4a20-999c-3ccf45a27a4d,VLIZ,CC-BY,http://creativecommons.org/licenses/by/4.0/legalcode,urn:catalog:VLIZ:Tisbe:317730,coordenada_generica_placeholder,no
GBIF,4055754377,"Grimpoteuthis abyssicola O'Shea, 1999",Grimpoteuthis abyssicola,-35.584999,160.95166,3180,3180,3180,1982-09-27,1982,,Pacífico Sur,PRESERVED_SPECIMEN,2f7c33b3-ea7a-40ac-a3b7-bace96f978f7,Type locality distributions from the World Register of Marine Species,10.15468/nmcdsv,Flanders Marine Institute,2089ce96-4fb5-4a20-999c-3ccf45a27a4d,WoRMS Editorial Board,CC-BY,http://creativecommons.org/licenses/by/4.0/legalcode,WoRMS Editorial Board:WoRMS type localities:sm_id_90178,localidad_tipo_WoRMS_posible_duplicado_de_especimen,si
GBIF,4081083603,"Grimpoteuthis abyssicola O'Shea, 1999",Grimpoteuthis abyssicola,-35.585,160.951667,3182,3180,3184,1982-09-27,1982,,Pacífico Sur,PRESERVED_SPECIMEN,4d0b1b2a-3209-49ce-bb93-7503e4868019,Earth Sciences New Zealand National Invertebrate Collection (NIC),10.15468/6qgswo,Earth Sciences New Zealand (ESNZ),c58ac019-b413-4613-8772-39e57acbeb8e,Earth Sciences New Zealand,CC-BY,http://creativecommons.org/licenses/by/4.0/legalcode,5fb18e46-fa36-11e2-96b3-aa6f927c92a3,,si
GBIF,5794508755,"Grimpoteuthis discoveryi Collins, 2003",Grimpoteuthis discoveryi,40,-40,4320,4270,4370,1982-09-12,1982,,Atlántico Norte,OCCURRENCE,2d880bf8-b3e1-4bc5-b46e-c961180ff869,Taxonomic Information System for the Belgian coastal area,10.15468/zx9xxx,Flanders Marine Institute,2089ce96-4fb5-4a20-999c-3ccf45a27a4d,VLIZ,CC-BY,http://creativecommons.org/licenses/by/4.0/legalcode,urn:catalog:VLIZ:Tisbe:317696,coordenada_generica_placeholder,no
GBIF,4892643670,"Grimpoteuthis G.C.Robson, 1932",,-18.7,116.35,,,,1982,1982,Australia,Océano Índico,PRESERVED_SPECIMEN,7c93d290-6c8b-11de-8226-b8a03c50a862,Western Australian Museum provider for OZCAM,10.15468/5qt0dm,Western Australian Museum,b36f3505-f2d9-499f-a669-fa418a127b9d,WAM,CC-BY,http://creativecommons.org/licenses/by/4.0/legalcode,23b54205-b920-4b2b-ab1c-c614ccfccadc,sin_profundidad,si
GBIF,5794579686,"Grimpoteuthis discoveryi Collins, 2003",Grimpoteuthis discoveryi,40,-40,3900,3880,3920,1981-05-05,1981,,Atlántico Norte,OCCURRENCE,2d880bf8-b3e1-4bc5-b46e-c961180ff869,Taxonomic Information System for the Belgian coastal area,10.15468/zx9xxx,Flanders Marine Institute,2089ce96-4fb5-4a20-999c-3ccf45a27a4d,VLIZ,CC-BY,http://creativecommons.org/licenses/by/4.0/legalcode,urn:catalog:VLIZ:Tisbe:317719,coordenada_generica_placeholder,no
GBIF,5794579671,"Grimpoteuthis discoveryi Collins, 2003",Grimpoteuthis discoveryi,40,-40,3985,3970,4000,1981-09-29,1981,,Atlántico Norte,OCCURRENCE,2d880bf8-b3e1-4bc5-b46e-c961180ff869,Taxonomic Information System for the Belgian coastal area,10.15468/zx9xxx,Flanders Marine Institute,2089ce96-4fb5-4a20-999c-3ccf45a27a4d,VLIZ,CC-BY,http://creativecommons.org/licenses/by/4.0/legalcode,urn:catalog:VLIZ:Tisbe:317711,coordenada_generica_placeholder,no
GBIF,4104109904,"Grimpoteuthis G.C.Robson, 1932",,15.133333,-69.216667,,,,1981-10-28,1981,Aruba,Atlántico Norte,PRESERVED_SPECIMEN,0f6d26c0-c645-4f15-b1c9-fbcb77515545,"University of Miami, Voss Marine Invertebrate Collections",10.15468/qmckjq,"Rosenstiel School, University of Miami Voss Marine Invertebrate Collection",5624d6f9-a94b-42c4-8814-a587e7e5e6f0,UM-RSMAS,CC-BY,http://creativecommons.org/licenses/by/4.0/legalcode,c82b2b9b-3ae0-4722-883c-46a6de42a525,sin_profundidad,si
GBIF,4104109364,"Grimpoteuthis G.C.Robson, 1932",,13.451111,-64.6,,,,1981-11-26,1981,Venezuela (Bolivarian Republic of),Atlántico Norte,PRESERVED_SPECIMEN,0f6d26c0-c645-4f15-b1c9-fbcb77515545,"University of Miami, Voss Marine Invertebrate Collections",10.15468/qmckjq,"Rosenstiel School, University of Miami Voss Marine Invertebrate Collection",5624d6f9-a94b-42c4-8814-a587e7e5e6f0,UM-RSMAS,CC-BY,http://creativecommons.org/licenses/by/4.0/legalcode,983f613d-787c-45ca-bf47-2e02ea5f66a1,sin_profundidad,si
GBIF,4104109901,"Grimpoteuthis G.C.Robson, 1932",,13.833333,-67.583333,,,,1981-11-07,1981,Venezuela (Bolivarian Republic of),Atlántico Norte,PRESERVED_SPECIMEN,0f6d26c0-c645-4f15-b1c9-fbcb77515545,"University of Miami, Voss Marine Invertebrate Collections",10.15468/qmckjq,"Rosenstiel School, University of Miami Voss Marine Invertebrate Collection",5624d6f9-a94b-42c4-8814-a587e7e5e6f0,UM-RSMAS,CC-BY,http://creativecommons.org/licenses/by/4.0/legalcode,caffee64-d1eb-4379-8828-ae7cdcbde994,sin_profundidad,si
GBIF,4104109907,"Grimpoteuthis G.C.Robson, 1932",,14.851944,-67.468611,,,,1981-12-03,1981,Venezuela (Bolivarian Republic of),Atlántico Norte,PRESERVED_SPECIMEN,0f6d26c0-c645-4f15-b1c9-fbcb77515545,"University of Miami, Voss Marine Invertebrate Collections",10.15468/qmckjq,"Rosenstiel School, University of Miami Voss Marine Invertebrate Collection",5624d6f9-a94b-42c4-8814-a587e7e5e6f0,UM-RSMAS,CC-BY,http://creativecommons.org/licenses/by/4.0/legalcode,b6c5931f-2054-471f-92f2-31dea8933b9f,sin_profundidad,si
GBIF,5794579659,"Grimpoteuthis discoveryi Collins, 2003",Grimpoteuthis discoveryi,40,-40,4375,4350,4400,1980-08-02,1980,,Atlántico Norte,OCCURRENCE,2d880bf8-b3e1-4bc5-b46e-c961180ff869,Taxonomic Information System for the Belgian coastal area,10.15468/zx9xxx,Flanders Marine Institute,2089ce96-4fb5-4a20-999c-3ccf45a27a4d,VLIZ,CC-BY,http://creativecommons.org/licenses/by/4.0/legalcode,urn:catalog:VLIZ:Tisbe:317715,coordenada_generica_placeholder,no
GBIF,5794579662,"Grimpoteuthis discoveryi Collins, 2003",Grimpoteuthis discoveryi,40,-40,4292.5,4265,4320,1980-11-10,1980,,Atlántico Norte,OCCURRENCE,2d880bf8-b3e1-4bc5-b46e-c961180ff869,Taxonomic Information System for the Belgian coastal area,10.15468/zx9xxx,Flanders Marine Institute,2089ce96-4fb5-4a20-999c-3ccf45a27a4d,VLIZ,CC-BY,http://creativecommons.org/licenses/by/4.0/legalcode,urn:catalog:VLIZ:Tisbe:317716,coordenada_generica_placeholder,no
GBIF,5794579619,"Grimpoteuthis discoveryi Collins, 2003",Grimpoteuthis discoveryi,40,-40,4056,4017,4095,1979-06-05,1979,,Atlántico Norte,OCCURRENCE,2d880bf8-b3e1-4bc5-b46e-c961180ff869,Taxonomic Information System for the Belgian coastal area,10.15468/zx9xxx,Flanders Marine Institute,2089ce96-4fb5-4a20-999c-3ccf45a27a4d,VLIZ,CC-BY,http://creativecommons.org/licenses/by/4.0/legalcode,urn:catalog:VLIZ:Tisbe:317705,coordenada_generica_placeholder,no
GBIF,5794579667,"Grimpoteuthis discoveryi Collins, 2003",Grimpoteuthis discoveryi,40,-40,3066,3022,3110,1979-06-04,1979,,Atlántico Norte,OCCURRENCE,2d880bf8-b3e1-4bc5-b46e-c961180ff869,Taxonomic Information System for the Belgian coastal area,10.15468/zx9xxx,Flanders Marine Institute,2089ce96-4fb5-4a20-999c-3ccf45a27a4d,VLIZ,CC-BY,http://creativecommons.org/licenses/by/4.0/legalcode,urn:catalog:VLIZ:Tisbe:317714,coordenada_generica_placeholder,no
GBIF,5794579656,"Grimpoteuthis discoveryi Collins, 2003",Grimpoteuthis discoveryi,40,-40,4118,4080,4156,1978-04-11,1978,,Atlántico Norte,OCCURRENCE,2d880bf8-b3e1-4bc5-b46e-c961180ff869,Taxonomic Information System for the Belgian coastal area,10.15468/zx9xxx,Flanders Marine Institute,2089ce96-4fb5-4a20-999c-3ccf45a27a4d,VLIZ,CC-BY,http://creativecommons.org/licenses/by/4.0/legalcode,urn:catalog:VLIZ:Tisbe:317717,coordenada_generica_placeholder,no
GBIF,5794579658,"Grimpoteuthis discoveryi Collins, 2003",Grimpoteuthis discoveryi,40,-40,3900,3880,3920,1978-05-12,1978,,Atlántico Norte,OCCURRENCE,2d880bf8-b3e1-4bc5-b46e-c961180ff869,Taxonomic Information System for the Belgian coastal area,10.15468/zx9xxx,Flanders Marine Institute,2089ce96-4fb5-4a20-999c-3ccf45a27a4d,VLIZ,CC-BY,http://creativecommons.org/licenses/by/4.0/legalcode,urn:catalog:VLIZ:Tisbe:317718,coordenada_generica_placeholder,no
GBIF,5794579640,"Grimpoteuthis discoveryi Collins, 2003",Grimpoteuthis discoveryi,40,-40,3753,3749,3757,1977-06-12,1977,,Atlántico Norte,OCCURRENCE,2d880bf8-b3e1-4bc5-b46e-c961180ff869,Taxonomic Information System for the Belgian coastal area,10.15468/zx9xxx,Flanders Marine Institute,2089ce96-4fb5-4a20-999c-3ccf45a27a4d,VLIZ,CC-BY,http://creativecommons.org/licenses/by/4.0/legalcode,urn:catalog:VLIZ:Tisbe:317708,coordenada_generica_placeholder,no
GBIF,5794579666,"Grimpoteuthis discoveryi Collins, 2003",Grimpoteuthis discoveryi,40,-40,4073.5,4043,4104,1977-06-08,1977,,Atlántico Norte,OCCURRENCE,2d880bf8-b3e1-4bc5-b46e-c961180ff869,Taxonomic Information System for the Belgian coastal area,10.15468/zx9xxx,Flanders Marine Institute,2089ce96-4fb5-4a20-999c-3ccf45a27a4d,VLIZ,CC-BY,http://creativecommons.org/licenses/by/4.0/legalcode,urn:catalog:VLIZ:Tisbe:317713,coordenada_generica_placeholder,no
GBIF,4104110944,"Grimpoteuthis discoveryi Collins, 2003",Grimpoteuthis discoveryi,50.05,-13.85,,,,1977-11-13,1977,Ireland,Atlántico Norte,PRESERVED_SPECIMEN,0f6d26c0-c645-4f15-b1c9-fbcb77515545,"University of Miami, Voss Marine Invertebrate Collections",10.15468/qmckjq,"Rosenstiel School, University of Miami Voss Marine Invertebrate Collection",5624d6f9-a94b-42c4-8814-a587e7e5e6f0,UM-RSMAS,CC-BY,http://creativecommons.org/licenses/by/4.0/legalcode,010a5d88-7424-4af8-a3c7-bf1c1b0150fa,sin_profundidad,si
GBIF,1321398252,"Grimpoteuthis G.C.Robson, 1932",,-54.2,-40.03,2600,2600,2600,1976-01-03,1976,South Georgia and the South Sandwich Islands,Atlántico Sur,PRESERVED_SPECIMEN,821cc27a-e3bb-4bc5-ac34-89ada245069d,NMNH Extant Biology,10.15468/hnhrg3,"National Museum of Natural History, Smithsonian Institution",bc092ff0-02e4-11dc-991f-b8a03c50a862,USNM,CC0,http://creativecommons.org/publicdomain/zero/1.0/legalcode,http://n2t.net/ark:/65665/3b990360b-4fcc-430f-bc00-0e0761d11478,,si
GBIF,4104096864,"Grimpoteuthis G.C.Robson, 1932",,19.133333,-79.883333,6880,6729,7031,1975-07-23,1975,Cayman Islands,Atlántico Norte,PRESERVED_SPECIMEN,0f6d26c0-c645-4f15-b1c9-fbcb77515545,"University of Miami, Voss Marine Invertebrate Collections",10.15468/qmckjq,"Rosenstiel School, University of Miami Voss Marine Invertebrate Collection",5624d6f9-a94b-42c4-8814-a587e7e5e6f0,UM-RSMAS,CC-BY,http://creativecommons.org/licenses/by/4.0/legalcode,3088fdee-c562-4617-9977-d242cafde96a,,si
GBIF,4104100172,"Grimpoteuthis megaptera (A.E.Verrill, 1885)",Grimpoteuthis megaptera,24.218889,-76.100278,896,0,1792,1975-08-29,1975,Bahamas,Atlántico Norte,PRESERVED_SPECIMEN,0f6d26c0-c645-4f15-b1c9-fbcb77515545,"University of Miami, Voss Marine Invertebrate Collections",10.15468/qmckjq,"Rosenstiel School, University of Miami Voss Marine Invertebrate Collection",5624d6f9-a94b-42c4-8814-a587e7e5e6f0,UM-RSMAS,CC-BY,http://creativecommons.org/licenses/by/4.0/legalcode,534dd4ea-9ebe-444b-b139-f09cca6a00a4,profundidad_rango_amplio_>1000m,si
GBIF,4104100177,"Grimpoteuthis megaptera (A.E.Verrill, 1885)",Grimpoteuthis megaptera,23.983333,-75.766944,963,0,1926,1975-08-29,1975,Bahamas,Atlántico Norte,PRESERVED_SPECIMEN,0f6d26c0-c645-4f15-b1c9-fbcb77515545,"University of Miami, Voss Marine Invertebrate Collections",10.15468/qmckjq,"Rosenstiel School, University of Miami Voss Marine Invertebrate Collection",5624d6f9-a94b-42c4-8814-a587e7e5e6f0,UM-RSMAS,CC-BY,http://creativecommons.org/licenses/by/4.0/legalcode,1e69ea05-57fa-4ef4-a8ac-a2022b17406a,profundidad_rango_amplio_>1000m,si
GBIF,4104109627,"Grimpoteuthis G.C.Robson, 1932",,24.350833,-76.051389,873,0,1746,1975-08-26,1975,Bahamas,Atlántico Norte,PRESERVED_SPECIMEN,0f6d26c0-c645-4f15-b1c9-fbcb77515545,"University of Miami, Voss Marine Invertebrate Collections",10.15468/qmckjq,"Rosenstiel School, University of Miami Voss Marine Invertebrate Collection",5624d6f9-a94b-42c4-8814-a587e7e5e6f0,UM-RSMAS,CC-BY,http://creativecommons.org/licenses/by/4.0/legalcode,33bce0ec-39ba-46cc-86c9-38d80438e16c,profundidad_rango_amplio_>1000m,si
GBIF,4104100194,"Grimpoteuthis G.C.Robson, 1932",,23.866667,-77.3,1387,1387,1387,1974-02-04,1974,Bahamas,Atlántico Norte,PRESERVED_SPECIMEN,0f6d26c0-c645-4f15-b1c9-fbcb77515545,"University of Miami, Voss Marine Invertebrate Collections",10.15468/qmckjq,"Rosenstiel School, University of Miami Voss Marine Invertebrate Collection",5624d6f9-a94b-42c4-8814-a587e7e5e6f0,UM-RSMAS,CC-BY,http://creativecommons.org/licenses/by/4.0/legalcode,eebd39da-f746-47ba-8df1-5e826ed9da02,,si
GBIF,4104100186,"Grimpoteuthis megaptera (A.E.Verrill, 1885)",Grimpoteuthis megaptera,1.966667,-40.566667,4416,4416,4416,1973-08-10,1973,,Atlántico Norte,PRESERVED_SPECIMEN,0f6d26c0-c645-4f15-b1c9-fbcb77515545,"University of Miami, Voss Marine Invertebrate Collections",10.15468/qmckjq,"Rosenstiel School, University of Miami Voss Marine Invertebrate Collection",5624d6f9-a94b-42c4-8814-a587e7e5e6f0,UM-RSMAS,CC-BY,http://creativecommons.org/licenses/by/4.0/legalcode,b5b3a9be-b6df-4c48-ac44-f476d7de6271,,si
GBIF,609403568,"Grimpoteuthis bathynectes G.L.Voss & Pearcy, 1990",Grimpoteuthis bathynectes,44.103333,-125.378333,2940,2940,2940,1972-06-14,1972,United States of America,Pacífico Norte,PRESERVED_SPECIMEN,44bcde48-ac71-46f2-bf73-24fc3c008b6c,CAS Invertebrate Zoology (IZ),10.15468/tiac99,California Academy of Sciences,66522820-055c-11d8-b84e-b8a03c50a862,CAS,CC0,http://creativecommons.org/publicdomain/zero/1.0/legalcode,urn:catalog:CAS:IZ:67791,,si
GBIF,4104100184,"Grimpoteuthis megaptera (A.E.Verrill, 1885)",Grimpoteuthis megaptera,19.066667,-85.666667,4417,4417,4417,1972-07-25,1972,Mexico,Atlántico Norte,PRESERVED_SPECIMEN,0f6d26c0-c645-4f15-b1c9-fbcb77515545,"University of Miami, Voss Marine Invertebrate Collections",10.15468/qmckjq,"Rosenstiel School, University of Miami Voss Marine Invertebrate Collection",5624d6f9-a94b-42c4-8814-a587e7e5e6f0,UM-RSMAS,CC-BY,http://creativecommons.org/licenses/by/4.0/legalcode,e369852e-ead6-4ff7-88a2-53681adf2ae0,,si
GBIF,609403566,"Grimpoteuthis bathynectes G.L.Voss & Pearcy, 1990",Grimpoteuthis bathynectes,44.968333,-132.245,3585,3585,3585,1972-10-06,1972,,Pacífico Norte,PRESERVED_SPECIMEN,44bcde48-ac71-46f2-bf73-24fc3c008b6c,CAS Invertebrate Zoology (IZ),10.15468/tiac99,California Academy of Sciences,66522820-055c-11d8-b84e-b8a03c50a862,CAS,CC0,http://creativecommons.org/publicdomain/zero/1.0/legalcode,urn:catalog:CAS:IZ:67789,,si
GBIF,609403567,"Grimpoteuthis bathynectes G.L.Voss & Pearcy, 1990",Grimpoteuthis bathynectes,45.058333,-134.75,3900,3900,3900,1972-10-10,1972,,Pacífico Norte,PRESERVED_SPECIMEN,44bcde48-ac71-46f2-bf73-24fc3c008b6c,CAS Invertebrate Zoology (IZ),10.15468/tiac99,California Academy of Sciences,66522820-055c-11d8-b84e-b8a03c50a862,CAS,CC0,http://creativecommons.org/publicdomain/zero/1.0/legalcode,urn:catalog:CAS:IZ:67790,,si
GBIF,609403569,"Grimpoteuthis tuftsi G.L.Voss & Pearcy, 1990",Grimpoteuthis tuftsi,44.966667,-133.241667,3700,3700,3700,1972-10-07,1972,,Pacífico Norte,PRESERVED_SPECIMEN,44bcde48-ac71-46f2-bf73-24fc3c008b6c,CAS Invertebrate Zoology (IZ),10.15468/tiac99,California Academy of Sciences,66522820-055c-11d8-b84e-b8a03c50a862,CAS,CC0,http://creativecommons.org/publicdomain/zero/1.0/legalcode,urn:catalog:CAS:IZ:67792,,si
GBIF,1272585942,"Grimpoteuthis G.C.Robson, 1932",,-22.0853,10.3189,3806,3806,3806,1971-06-26,1971,Namibia,Atlántico Sur,PRESERVED_SPECIMEN,39905320-6c8a-11de-8226-b8a03c50a862,Museums Victoria provider for OZCAM,10.15468/lp1ctu,Museums Victoria,4cff2aca-5ce5-4028-88e6-d79b6449173a,NMV,CC0,http://creativecommons.org/publicdomain/zero/1.0/legalcode,2a471113-7e63-447f-8168-348bda3eda5f,,si
GBIF,4104100147,"Grimpoteuthis megaptera (A.E.Verrill, 1885)",Grimpoteuthis megaptera,23.233333,-64.816667,5616,5616,5616,1971-07-01,1971,,Atlántico Norte,PRESERVED_SPECIMEN,0f6d26c0-c645-4f15-b1c9-fbcb77515545,"University of Miami, Voss Marine Invertebrate Collections",10.15468/qmckjq,"Rosenstiel School, University of Miami Voss Marine Invertebrate Collection",5624d6f9-a94b-42c4-8814-a587e7e5e6f0,UM-RSMAS,CC-BY,http://creativecommons.org/licenses/by/4.0/legalcode,48ca664d-67f7-416c-95f6-c4723bffa6e3,,si
GBIF,4104100155,"Grimpoteuthis megaptera (A.E.Verrill, 1885)",Grimpoteuthis megaptera,20.75,-65.016667,5182,5182,5182,1971-07-03,1971,Virgin Islands (British),Atlántico Norte,PRESERVED_SPECIMEN,0f6d26c0-c645-4f15-b1c9-fbcb77515545,"University of Miami, Voss Marine Invertebrate Collections",10.15468/qmckjq,"Rosenstiel School, University of Miami Voss Marine Invertebrate Collection",5624d6f9-a94b-42c4-8814-a587e7e5e6f0,UM-RSMAS,CC-BY,http://creativecommons.org/licenses/by/4.0/legalcode,641481f2-9496-4bf6-b567-6cc9631a3ceb,,si
GBIF,1234583144,"Grimpoteuthis umbellata (P.Fischer, 1884)",Grimpoteuthis umbellata,24.866667,-92.333333,3713,3713,3713,1969-08-12,1969,Mexico,Atlántico Norte,PRESERVED_SPECIMEN,16b0aa56-90aa-436c-bfe8-b5af83f84575,Biodiversity Research and Teaching Collections - TCWC Marine Invertebrates,10.15468/dfrwoh,Texas A&M University Biodiversity Research and Teaching Collections,2b8e48b0-812d-11de-86fe-b8a03c50a862,TCWC,CC0,http://creativecommons.org/publicdomain/zero/1.0/legalcode,urn:catalog:TCWC:Marine Invertebrates:4-3116,,si
GBIF,4081194663,"Grimpoteuthis innominata (O'Shea, 1999)",Grimpoteuthis innominata,-33.9667,167.75,1705,1705,1705,1968-03-19,1968,,Pacífico Sur,PRESERVED_SPECIMEN,4d0b1b2a-3209-49ce-bb93-7503e4868019,Earth Sciences New Zealand National Invertebrate Collection (NIC),10.15468/6qgswo,Earth Sciences New Zealand (ESNZ),c58ac019-b413-4613-8772-39e57acbeb8e,Earth Sciences New Zealand,CC-BY,http://creativecommons.org/licenses/by/4.0/legalcode,6133c3ba-fa36-11e2-96b3-aa6f927c92a3,,si
GBIF,1320556911,"Grimpoteuthis megaptera (A.E.Verrill, 1885)",Grimpoteuthis megaptera,-60.158,-29.917,2549.5,2319,2780,1966-02-17,1966,Antarctica,Océano Austral,PRESERVED_SPECIMEN,821cc27a-e3bb-4bc5-ac34-89ada245069d,NMNH Extant Biology,10.15468/hnhrg3,"National Museum of Natural History, Smithsonian Institution",bc092ff0-02e4-11dc-991f-b8a03c50a862,USNM,CC0,http://creativecommons.org/publicdomain/zero/1.0/legalcode,http://n2t.net/ark:/65665/394653140-badc-46ad-a311-45bfd3e64e92,,si
GBIF,1318470662,"Grimpoteuthis G.C.Robson, 1932",,-65.575,-123.708,4709,4709,4709,1964-06-18,1964,Antarctica,Océano Austral,PRESERVED_SPECIMEN,821cc27a-e3bb-4bc5-ac34-89ada245069d,NMNH Extant Biology,10.15468/hnhrg3,"National Museum of Natural History, Smithsonian Institution",bc092ff0-02e4-11dc-991f-b8a03c50a862,USNM,CC0,http://creativecommons.org/publicdomain/zero/1.0/legalcode,http://n2t.net/ark:/65665/33818cc44-0951-4d1b-99d1-df75440f0354,,si
GBIF,1320102023,"Grimpoteuthis G.C.Robson, 1932",,-57.217,-62.8,3769.5,3733,3806,1962-07-29,1962,Argentina,Atlántico Sur,PRESERVED_SPECIMEN,821cc27a-e3bb-4bc5-ac34-89ada245069d,NMNH Extant Biology,10.15468/hnhrg3,"National Museum of Natural History, Smithsonian Institution",bc092ff0-02e4-11dc-991f-b8a03c50a862,USNM,CC0,http://creativecommons.org/publicdomain/zero/1.0/legalcode,http://n2t.net/ark:/65665/3803ed90d-a3a0-4dfd-a3f6-f4138aead69a,,si
GBIF,3387292843,"Grimpoteuthis G.C.Robson, 1932",,-45.85,164.53,4510,4510,4510,1952-01-14,1952,New Zealand,Pacífico Sur,PRESERVED_SPECIMEN,7e380070-f762-11e1-a439-00145eb45e9a,Natural History Museum (London) Collection Specimens,10.5519/qd.20dz6blc,Natural History Museum,19456090-b49a-11d8-abeb-b8a03c50a862,NHMUK,CC0,http://creativecommons.org/publicdomain/zero/1.0/legalcode,3cbcbb0d-9b1f-423a-a021-47fc1b54e947,,si
GBIF,3911883304,"Grimpoteuthis G.C.Robson, 1932",,-40,163.58,3800,3800,3800,1952-12-19,1952,,Pacífico Sur,PRESERVED_SPECIMEN,7e380070-f762-11e1-a439-00145eb45e9a,Natural History Museum (London) Collection Specimens,10.5519/qd.20dz6blc,Natural History Museum,19456090-b49a-11d8-abeb-b8a03c50a862,NHMUK,CC0,http://creativecommons.org/publicdomain/zero/1.0/legalcode,04f3dc3f-a241-46b3-96dc-ca0b4c132937,,si
GBIF,5794579715,"Grimpoteuthis discoveryi Collins, 2003",Grimpoteuthis discoveryi,40,-40,2615,2615,2615,1910-06-08,1910,,Atlántico Norte,OCCURRENCE,2d880bf8-b3e1-4bc5-b46e-c961180ff869,Taxonomic Information System for the Belgian coastal area,10.15468/zx9xxx,Flanders Marine Institute,2089ce96-4fb5-4a20-999c-3ccf45a27a4d,VLIZ,CC-BY,http://creativecommons.org/licenses/by/4.0/legalcode,urn:catalog:VLIZ:Tisbe:317727,coordenada_generica_placeholder,no
GBIF,5794579717,"Grimpoteuthis discoveryi Collins, 2003",Grimpoteuthis discoveryi,40,-40,,,,1910-08-17,1910,,Atlántico Norte,OCCURRENCE,2d880bf8-b3e1-4bc5-b46e-c961180ff869,Taxonomic Information System for the Belgian coastal area,10.15468/zx9xxx,Flanders Marine Institute,2089ce96-4fb5-4a20-999c-3ccf45a27a4d,VLIZ,CC-BY,http://creativecommons.org/licenses/by/4.0/legalcode,urn:catalog:VLIZ:Tisbe:317724,"coordenada_generica_placeholder;sin_profundidad",no
GBIF,5794579725,"Grimpoteuthis discoveryi Collins, 2003",Grimpoteuthis discoveryi,40,-40,,,,1910-08-19,1910,,Atlántico Norte,OCCURRENCE,2d880bf8-b3e1-4bc5-b46e-c961180ff869,Taxonomic Information System for the Belgian coastal area,10.15468/zx9xxx,Flanders Marine Institute,2089ce96-4fb5-4a20-999c-3ccf45a27a4d,VLIZ,CC-BY,http://creativecommons.org/licenses/by/4.0/legalcode,urn:catalog:VLIZ:Tisbe:317723,"coordenada_generica_placeholder;sin_profundidad",no
GBIF,5794579711,"Grimpoteuthis discoveryi Collins, 2003",Grimpoteuthis discoveryi,40,-40,4360,4360,4360,1896-08-18,1896,,Atlántico Norte,OCCURRENCE,2d880bf8-b3e1-4bc5-b46e-c961180ff869,Taxonomic Information System for the Belgian coastal area,10.15468/zx9xxx,Flanders Marine Institute,2089ce96-4fb5-4a20-999c-3ccf45a27a4d,VLIZ,CC-BY,http://creativecommons.org/licenses/by/4.0/legalcode,urn:catalog:VLIZ:Tisbe:317728,coordenada_generica_placeholder,no
GBIF,1318421674,"Stauroteuthis hippocrepium Hoyle, 1904",Grimpoteuthis hippocrepium,2.5833,-83.8833,3334,3334,3334,1891-03-03,1891,Colombia,Pacífico Norte,PRESERVED_SPECIMEN,821cc27a-e3bb-4bc5-ac34-89ada245069d,NMNH Extant Biology,10.15468/hnhrg3,"National Museum of Natural History, Smithsonian Institution",bc092ff0-02e4-11dc-991f-b8a03c50a862,USNM,CC0,http://creativecommons.org/publicdomain/zero/1.0/legalcode,http://n2t.net/ark:/65665/335ed9973-d08a-4451-a3ee-4706a003cb3c,,si
GBIF,2397808907,"Grimpoteuthis G.C.Robson, 1932",,37.4333,-73.7167,1726,1726,1726,1886-10-26,1886,United States of America,Atlántico Norte,PRESERVED_SPECIMEN,821cc27a-e3bb-4bc5-ac34-89ada245069d,NMNH Extant Biology,10.15468/hnhrg3,"National Museum of Natural History, Smithsonian Institution",bc092ff0-02e4-11dc-991f-b8a03c50a862,USNM,CC0,http://creativecommons.org/publicdomain/zero/1.0/legalcode,http://n2t.net/ark:/65665/3eab87020-8326-4837-a08d-164baa72205b,,si
GBIF,1321174802,"Cirroteuthis plena A.E.Verrill, 1885",Grimpoteuthis plena,39.5833,-71.3125,1962,1962,1962,1884-08-20,1884,United States of America,Atlántico Norte,PRESERVED_SPECIMEN,821cc27a-e3bb-4bc5-ac34-89ada245069d,NMNH Extant Biology,10.15468/hnhrg3,"National Museum of Natural History, Smithsonian Institution",bc092ff0-02e4-11dc-991f-b8a03c50a862,USNM,CC0,http://creativecommons.org/publicdomain/zero/1.0/legalcode,http://n2t.net/ark:/65665/3afacc6fc-2054-4f5d-9404-5ede4a0ee08e,,si
GBIF,5794579970,"Grimpoteuthis umbellata (P.Fischer, 1884)",Grimpoteuthis umbellata,38.5,-28,2235,2235,2235,1883-08-16,1883,Portugal,Atlántico Norte,OCCURRENCE,2d880bf8-b3e1-4bc5-b46e-c961180ff869,Taxonomic Information System for the Belgian coastal area,10.15468/zx9xxx,Flanders Marine Institute,2089ce96-4fb5-4a20-999c-3ccf45a27a4d,VLIZ,CC-BY,http://creativecommons.org/licenses/by/4.0/legalcode,urn:catalog:VLIZ:Tisbe:317790,,si
GBIF,1057475272,"Cirroteuthis pacifica Hoyle, 1885",Grimpoteuthis pacifica,-13.8333,151.8167,4462,4462,4462,1874-08-25,1874,Papua New Guinea,Pacífico Sur,PRESERVED_SPECIMEN,7e380070-f762-11e1-a439-00145eb45e9a,Natural History Museum (London) Collection Specimens,10.5519/qd.20dz6blc,Natural History Museum,19456090-b49a-11d8-abeb-b8a03c50a862,NHMUK,CC0,http://creativecommons.org/publicdomain/zero/1.0/legalcode,92d72c4d-bff9-4b97-9803-b5152f4061c6,,si
GBIF,1055314492,"Grimpoteuthis challengeri Collins, 2003",Grimpoteuthis challengeri,48.45,-15.67,4844,4843,4845,,,,Atlántico Norte,PRESERVED_SPECIMEN,7e380070-f762-11e1-a439-00145eb45e9a,Natural History Museum (London) Collection Specimens,10.5519/qd.20dz6blc,Natural History Museum,19456090-b49a-11d8-abeb-b8a03c50a862,NHMUK,CC0,http://creativecommons.org/publicdomain/zero/1.0/legalcode,21a65bfa-dbfc-44c9-a220-82659357a04a,,si
GBIF,3442439231,"Grimpoteuthis G.C.Robson, 1932",,48.45883,168.87016,,,,,,,Pacífico Norte,MATERIAL_SAMPLE,040c5662-da76-4782-a48e-cdea1892d14c,International Barcode of Life project (iBOL),10.15468/inygc6,The International Barcode of Life Consortium,b3bf3a83-1f68-4541-a03f-330d30d567f5,"Mined from GenBank, NCBI",CC-BY,http://creativecommons.org/licenses/by/4.0/legalcode,GBMND96491-21,sin_profundidad,si
GBIF,3818427204,"Grimpoteuthis imperator A.Ziegler & Sagorny, 2021",Grimpoteuthis imperator,48.46,168.87,,,,,,,Pacífico Norte,PRESERVED_SPECIMEN,d8cd16ba-bb74-4420-821e-083f2bac17c2,INSDC Sequences,10.15468/sbmztx,European Nucleotide Archive (EMBL-EBI),ada9d123-ddb4-467d-8891-806ea8d94230,,CC-BY,http://creativecommons.org/licenses/by/4.0/legalcode,MW570977,sin_profundidad,si
GBIF,4055750820,"Grimpoteuthis imperator A.Ziegler & Sagorny, 2021",Grimpoteuthis imperator,48.458833,168.870167,4165,3913,4417,,,,Pacífico Norte,PRESERVED_SPECIMEN,2f7c33b3-ea7a-40ac-a3b7-bace96f978f7,Type locality distributions from the World Register of Marine Species,10.15468/nmcdsv,Flanders Marine Institute,2089ce96-4fb5-4a20-999c-3ccf45a27a4d,WoRMS Editorial Board,CC-BY,http://creativecommons.org/licenses/by/4.0/legalcode,WoRMS Editorial Board:WoRMS type localities:dr_id_1457757,localidad_tipo_WoRMS_posible_duplicado_de_especimen,si
GBIF,4104097343,"Grimpoteuthis G.C.Robson, 1932",,25.35,-91.033333,,,,,,Mexico,Atlántico Norte,PRESERVED_SPECIMEN,0f6d26c0-c645-4f15-b1c9-fbcb77515545,"University of Miami, Voss Marine Invertebrate Collections",10.15468/qmckjq,"Rosenstiel School, University of Miami Voss Marine Invertebrate Collection",5624d6f9-a94b-42c4-8814-a587e7e5e6f0,UM-RSMAS,CC-BY,http://creativecommons.org/licenses/by/4.0/legalcode,6a9cd5a9-3ec8-4bc1-b3c0-3bcd4e0fb044,sin_profundidad,si
GBIF,5789998485,"Grimpoteuthis G.C.Robson, 1932",,10.72,-103.650002,2572.5,2565,2580,,,,Pacífico Norte,OCCURRENCE,dc5abc9f-84d5-4046-a3ef-9ab24ae53756,ChEssBase,10.15468/6v6ug8,Flanders Marine Institute,2089ce96-4fb5-4a20-999c-3ccf45a27a4d,,CC-BY,http://creativecommons.org/licenses/by/4.0/legalcode,urn:catalog::0x04AEA50101000000,,si
GBIF,5789999189,"Grimpoteuthis G.C.Robson, 1932",,30,38,4200,4200,4200,,,Saudi Arabia,Pacífico Norte,OCCURRENCE,dc5abc9f-84d5-4046-a3ef-9ab24ae53756,ChEssBase,10.15468/6v6ug8,Flanders Marine Institute,2089ce96-4fb5-4a20-999c-3ccf45a27a4d,PENN,CC-BY,http://creativecommons.org/licenses/by/4.0/legalcode,urn:catalog:PENN:C:2715:0x66AEA50101000900,en_tierra_coordenada_generica,no
GBIF,5794579754,"Grimpoteuthis boylei Collins, 2003",Grimpoteuthis boylei,40,-40,,,,,,,Atlántico Norte,OCCURRENCE,2d880bf8-b3e1-4bc5-b46e-c961180ff869,Taxonomic Information System for the Belgian coastal area,10.15468/zx9xxx,Flanders Marine Institute,2089ce96-4fb5-4a20-999c-3ccf45a27a4d,VLIZ,CC-BY,http://creativecommons.org/licenses/by/4.0/legalcode,urn:catalog:VLIZ:Tisbe:317743,"coordenada_generica_placeholder;sin_profundidad",no
GBIF,5794579817,"Grimpoteuthis wuelkeri (Grimpe, 1920)",Grimpoteuthis wuelkeri,40,-20,,,,,,,Atlántico Norte,OCCURRENCE,2d880bf8-b3e1-4bc5-b46e-c961180ff869,Taxonomic Information System for the Belgian coastal area,10.15468/zx9xxx,Flanders Marine Institute,2089ce96-4fb5-4a20-999c-3ccf45a27a4d,VLIZ,CC-BY,http://creativecommons.org/licenses/by/4.0/legalcode,urn:catalog:VLIZ:Tisbe:317746,"coordenada_generica_placeholder;sin_profundidad",no
GBIF,5794579822,"Grimpoteuthis wuelkeri (Grimpe, 1920)",Grimpoteuthis wuelkeri,32.791389,-9.814976,,,,,,Morocco,Atlántico Norte,OCCURRENCE,2d880bf8-b3e1-4bc5-b46e-c961180ff869,Taxonomic Information System for the Belgian coastal area,10.15468/zx9xxx,Flanders Marine Institute,2089ce96-4fb5-4a20-999c-3ccf45a27a4d,VLIZ,CC-BY,http://creativecommons.org/licenses/by/4.0/legalcode,urn:catalog:VLIZ:Tisbe:317745,sin_profundidad,si
OBIS,0234e24c-fbdd-40f7-a80f-bbd33da89e68,Grimpoteuthis,,15.026293,-129.913652,4959,4959,4959,2015-09-08T00:00:00,2015,,Pacífico Norte,HumanObservation,93726e4a-940c-4dda-9519-0fbe9eb5f067,TOMLPMN12024 Env Template 20220212 Bio,,International Seabed Authority,,,CC-BY,Attribution 3.0 IGO (CC BY 3.0 IGO),CCZ-15__TL_08_TL_08.NOC.mgf_img.2015_09_08_143346.jpg_1,,si
OBIS,026b84a6-03bf-4dcf-b6ff-55f665890a18,Grimpoteuthis megaptera,Grimpoteuthis megaptera,36.0833015442,-69.8499984741,,,,,,,Atlántico Norte,HumanObservation,b7cdeca9-f3a4-474f-b644-a74f504083bb,CephBase,,"University of British Columbia; Intergovernmental Oceanographic Commission of UNESCO",,,CC-BY,This work is licensed under a  Creative Commons Attribution (CC-BY) 4.0 License,,sin_profundidad,si
OBIS,026daeb8-8b3a-40fe-a5b4-f81d9f4d8aa5,Grimpoteuthis tuftsi,Grimpoteuthis tuftsi,45.0866699219,-134.723327637,3900,3900,3900,1972-10-09T12:00:00Z,1972,United States,Pacífico Norte,PreservedSpecimen,89e23fc8-3f61-4480-9de3-358fe6eefe0b,National Museum of Natural History Invertebrate Zoology Collections,,"Intergovernmental Oceanographic Commission of UNESCO; National Museum of Natural History, Smithsonian Institution",,USNM,CC-BY,This work is licensed under a  Creative Commons Attribution (CC-BY) 4.0 License,,,si
OBIS,09ff8f0d-0cd5-49f0-910e-3a5edf38c9dc,Grimpoteuthis tuftsi,Grimpoteuthis tuftsi,45.0332984924,-134.703292847,,,,,,,Pacífico Norte,HumanObservation,b7cdeca9-f3a4-474f-b644-a74f504083bb,CephBase,,"University of British Columbia; Intergovernmental Oceanographic Commission of UNESCO",,,CC-BY,This work is licensed under a  Creative Commons Attribution (CC-BY) 4.0 License,,sin_profundidad,si
OBIS,0c0b5512-f835-45a4-b200-add5cc5305e3,Grimpoteuthis wuelkeri,Grimpoteuthis wuelkeri,35.7667007446,-8.26669979095,,,,,,,Atlántico Norte,HumanObservation,b7cdeca9-f3a4-474f-b644-a74f504083bb,CephBase,,"University of British Columbia; Intergovernmental Oceanographic Commission of UNESCO",,,CC-BY,This work is licensed under a  Creative Commons Attribution (CC-BY) 4.0 License,,sin_profundidad,si
OBIS,0fe5a878-c80a-4c47-bd92-9b7e967666b4,Grimpoteuthis bathynectes,Grimpoteuthis bathynectes,44.9682998657,-132.244995117,,,,,,,Pacífico Norte,HumanObservation,b7cdeca9-f3a4-474f-b644-a74f504083bb,CephBase,,"University of British Columbia; Intergovernmental Oceanographic Commission of UNESCO",,,CC-BY,This work is licensed under a  Creative Commons Attribution (CC-BY) 4.0 License,,sin_profundidad,si
OBIS,1d873d5e-906c-43eb-b385-70c9d7c6a84e,Grimpoteuthis hippocrepium,Grimpoteuthis hippocrepium,2.58330011368,-83.8833007812,,,,,,,Pacífico Norte,HumanObservation,b7cdeca9-f3a4-474f-b644-a74f504083bb,CephBase,,"University of British Columbia; Intergovernmental Oceanographic Commission of UNESCO",,,CC-BY,This work is licensed under a  Creative Commons Attribution (CC-BY) 4.0 License,,sin_profundidad,si
OBIS,217c2856-5789-4358-8a47-3e68e82995ec,Grimpoteuthis,,-66.8917,76.2617,735,702,768,1987-02-27,1987,,Océano Austral,PreservedSpecimen,d104db68-63cf-4f34-b92a-54bd55a07394,Museums Victoria Marine Invertebrates Collection,,"CSIRO Oceans and Atmosphere Information and Data Centre, Hobart; Museums Victoria; CSIRO National Collections and Marine Infrastructure",,NMV,CC-BY,This work is licensed under a  Creative Commons Attribution (CC-BY) 4.0 License,F78795,,si
OBIS,23d85249-f5af-4379-85c1-59b189f99a4b,Grimpoteuthis plena,Grimpoteuthis plena,37,-71,,,,,,,Atlántico Norte,HumanObservation,b7cdeca9-f3a4-474f-b644-a74f504083bb,CephBase,,"University of British Columbia; Intergovernmental Oceanographic Commission of UNESCO",,,CC-BY,This work is licensed under a  Creative Commons Attribution (CC-BY) 4.0 License,,sin_profundidad,si
OBIS,2492cb93-7603-4514-bc6a-64fdda49c520,Grimpoteuthis,,-33.382,126.9344,,,,1985-06-01,1985,,Océano Índico,PreservedSpecimen,8faf0e94-1c0e-479d-942c-7f21a4c0a5b4,Tasmanian Museum and Art Gallery provider for OZCAM - marine records,,"Tasmanian Museum and Art Gallery; CSIRO National Collections and Marine Infrastructure",,TMAG,CC-BY,This work is licensed under a  Creative Commons Attribution (CC-BY) 4.0 License,urn:catalog:TMAG:invertebrates:E16625,sin_profundidad,si
OBIS,2932752b-62c3-4633-8def-767ba8311ee3,Grimpoteuthis,,13.655578,-132.604348,4921,4921,4921,2015-08-22T00:00:00,2015,,Pacífico Norte,HumanObservation,93726e4a-940c-4dda-9519-0fbe9eb5f067,TOMLPMN12024 Env Template 20220212 Bio,,International Seabed Authority,,,CC-BY,Attribution 3.0 IGO (CC BY 3.0 IGO),CCZ-15__TL_03_TL_03.NOC.mgf_img.2015_08_22_052142.jpg_1,,si
OBIS,3517bf9f-19e6-411e-8af0-612a9a7a7ff8,Grimpoteuthis tuftsi,Grimpoteuthis tuftsi,45.0867004395,-134.723297119,,,,,,,Pacífico Norte,HumanObservation,b7cdeca9-f3a4-474f-b644-a74f504083bb,CephBase,,"University of British Columbia; Intergovernmental Oceanographic Commission of UNESCO",,,CC-BY,This work is licensed under a  Creative Commons Attribution (CC-BY) 4.0 License,,sin_profundidad,si
OBIS,372f32c8-63a7-4665-8b67-01b42bfeaa3a,Grimpoteuthis tuftsi,Grimpoteuthis tuftsi,44.9667015076,-133.241699219,,,,,,,Pacífico Norte,HumanObservation,b7cdeca9-f3a4-474f-b644-a74f504083bb,CephBase,,"University of British Columbia; Intergovernmental Oceanographic Commission of UNESCO",,,CC-BY,This work is licensed under a  Creative Commons Attribution (CC-BY) 4.0 License,,sin_profundidad,si
OBIS,37a2e77a-7db9-447c-89a6-4fe50baa5930,Grimpoteuthis bathynectes,Grimpoteuthis bathynectes,45.0183296204,-135.199996948,3932,3932,3932,1972-10-31T12:00:00Z,1972,United States,Pacífico Norte,PreservedSpecimen,89e23fc8-3f61-4480-9de3-358fe6eefe0b,National Museum of Natural History Invertebrate Zoology Collections,,"Intergovernmental Oceanographic Commission of UNESCO; National Museum of Natural History, Smithsonian Institution",,USNM,CC-BY,This work is licensed under a  Creative Commons Attribution (CC-BY) 4.0 License,,,si
OBIS,39c9fd63-0368-4953-85f1-008527befe82,Grimpoteuthis meangensis,Grimpoteuthis meangensis,28.5499992371,-177.833297729,,,,,,,Pacífico Norte,HumanObservation,b7cdeca9-f3a4-474f-b644-a74f504083bb,CephBase,,"University of British Columbia; Intergovernmental Oceanographic Commission of UNESCO",,,CC-BY,This work is licensed under a  Creative Commons Attribution (CC-BY) 4.0 License,,sin_profundidad,si
OBIS,3a78f7bc-88bd-47ef-bcfb-a8dbb11a4690,Grimpoteuthis tuftsi,Grimpoteuthis tuftsi,45.0583000183,-134.75,,,,,,,Pacífico Norte,HumanObservation,b7cdeca9-f3a4-474f-b644-a74f504083bb,CephBase,,"University of British Columbia; Intergovernmental Oceanographic Commission of UNESCO",,,CC-BY,This work is licensed under a  Creative Commons Attribution (CC-BY) 4.0 License,,sin_profundidad,si
OBIS,3ab98fc0-49d3-44b0-996a-773e2e91a736,Grimpoteuthis megaptera,Grimpoteuthis megaptera,36.09167099,-69.8625030518,4594,4594,4594,1884-09-09T12:00:00Z,1884,United States,Atlántico Norte,PreservedSpecimen,89e23fc8-3f61-4480-9de3-358fe6eefe0b,National Museum of Natural History Invertebrate Zoology Collections,,"Intergovernmental Oceanographic Commission of UNESCO; National Museum of Natural History, Smithsonian Institution",,USNM,CC-BY,This work is licensed under a  Creative Commons Attribution (CC-BY) 4.0 License,,,si
OBIS,3c77ee1d-8e7a-4be5-9f4d-c03de1d504b8,Grimpoteuthis bathynectes,Grimpoteuthis bathynectes,44.6699981689,-133.595001221,,,,,,,Pacífico Norte,HumanObservation,b7cdeca9-f3a4-474f-b644-a74f504083bb,CephBase,,"University of British Columbia; Intergovernmental Oceanographic Commission of UNESCO",,,CC-BY,This work is licensed under a  Creative Commons Attribution (CC-BY) 4.0 License,,sin_profundidad,si
OBIS,3d543233-f2bb-4954-bfa5-9b1f64e82378,Grimpoteuthis,,13.7770656,-132.6436488,4809,4809,4809,2015-08-17T00:00:00,2015,,Pacífico Norte,HumanObservation,93726e4a-940c-4dda-9519-0fbe9eb5f067,TOMLPMN12024 Env Template 20220212 Bio,,International Seabed Authority,,,CC-BY,Attribution 3.0 IGO (CC BY 3.0 IGO),CCZ-15__TL_02_TL_02.NOC.mgf_img.2015_08_17_112822.jpg_1,,si
OBIS,4f515cf0-bee8-4b5f-b30a-c6d21d129e27,Grimpoteuthis bathynectes,Grimpoteuthis bathynectes,45.0867004395,-134.723297119,,,,,,,Pacífico Norte,HumanObservation,b7cdeca9-f3a4-474f-b644-a74f504083bb,CephBase,,"University of British Columbia; Intergovernmental Oceanographic Commission of UNESCO",,,CC-BY,This work is licensed under a  Creative Commons Attribution (CC-BY) 4.0 License,,sin_profundidad,si
OBIS,51829132-1107-4cbd-8959-a8ec61a6470c,Grimpoteuthis,,-23.8382,111.7409,1510,1510,1510,2022,2022,Australia,Océano Índico,PreservedSpecimen,f6318aea-2f31-48b4-a2c5-b599f2c8f602,"Specimens collected by Western Australian Museum from the Indian Ocean on the RV Investigator voyages IN2021_V04, IN2022_V08, IN2022_V09 and RV Falkor voyage FK200308, Australia (2021-2022)",,"Commonwealth Scientific and Industrial Research Organisation ; Western Australian Museum; CSIRO National Collections and Marine Infrastructure",,WAM,CC-BY,This work is licensed under a  Creative Commons Attribution (CC-BY 4.0) License,urn:lsid:taxonomy.org.au:MO:116713,,si
OBIS,5499cba6-7776-4822-bd4e-e8e34bb4af67,Grimpoteuthis,,13.7885362,-132.6153229,4930,4930,4930,2015-08-17T00:00:00,2015,,Pacífico Norte,HumanObservation,93726e4a-940c-4dda-9519-0fbe9eb5f067,TOMLPMN12024 Env Template 20220212 Bio,,International Seabed Authority,,,CC-BY,Attribution 3.0 IGO (CC BY 3.0 IGO),CCZ-15__TL_02_TL_02.NOC.mgf_img.2015_08_17_130826.jpg_1,,si
OBIS,560f00db-ad28-4567-8c49-0923008203d0,Grimpoteuthis pacifica,Grimpoteuthis pacifica,10,93,,,,1885,1885,,Océano Índico,HumanObservation,537e69ef-fc0e-4540-a5ca-3be884fa44f3,IndOBIS Dataset (32001-34000),,"CSIR - National Institute of Oceanography, Goa; Centre for Marine Living Resources & Ecology, Ministry of Earth Sciences, Government of India",,CMLRE,CC-BY,This work is licensed under a  Creative Commons Attribution (CC-BY) 4.0 License,32071,"coordenada_gruesa_grado_entero;sin_profundidad",no
OBIS,59d8ebd9-68ab-499e-b379-07698c2bbd5a,Grimpoteuthis bathynectes,Grimpoteuthis bathynectes,44.1032981873,-125.378303528,,,,,,,Pacífico Norte,HumanObservation,b7cdeca9-f3a4-474f-b644-a74f504083bb,CephBase,,"University of British Columbia; Intergovernmental Oceanographic Commission of UNESCO",,,CC-BY,This work is licensed under a  Creative Commons Attribution (CC-BY) 4.0 License,,sin_profundidad,si
OBIS,6700aa9a-4bd5-466c-8bc2-57ae25ceda8e,Grimpoteuthis tuftsi,Grimpoteuthis tuftsi,44.9682998657,-132.244995117,,,,,,,Pacífico Norte,HumanObservation,b7cdeca9-f3a4-474f-b644-a74f504083bb,CephBase,,"University of British Columbia; Intergovernmental Oceanographic Commission of UNESCO",,,CC-BY,This work is licensed under a  Creative Commons Attribution (CC-BY) 4.0 License,,sin_profundidad,si
OBIS,674f674b-2909-4591-8886-15322786ad85,Grimpoteuthis megaptera,Grimpoteuthis megaptera,-60.1500015259,-29.7999992371,2549.5,2319,2780,1966-02-17T12:00:00Z,1966,South Sandwich Islands,Océano Austral,PreservedSpecimen,89e23fc8-3f61-4480-9de3-358fe6eefe0b,National Museum of Natural History Invertebrate Zoology Collections,,"Intergovernmental Oceanographic Commission of UNESCO; National Museum of Natural History, Smithsonian Institution",,USNM,CC-BY,This work is licensed under a  Creative Commons Attribution (CC-BY) 4.0 License,,,si
OBIS,68e76676-19b3-4f5d-8aef-0c1924ce8bb8,Grimpoteuthis,,-54.8,158.685,924.5,870,979,1994-11-27,1994,,Pacífico Sur,PreservedSpecimen,d104db68-63cf-4f34-b92a-54bd55a07394,Museums Victoria Marine Invertebrates Collection,,"CSIRO Oceans and Atmosphere Information and Data Centre, Hobart; Museums Victoria; CSIRO National Collections and Marine Infrastructure",,NMV,CC-BY,This work is licensed under a  Creative Commons Attribution (CC-BY) 4.0 License,F74468,,si
OBIS,7bb0c9e2-9917-40c1-8b12-4cf270b6469a,Grimpoteuthis,,-22.0853,10.3189,,,,1971-06-26,1971,,Atlántico Sur,PreservedSpecimen,d104db68-63cf-4f34-b92a-54bd55a07394,Museums Victoria Marine Invertebrates Collection,,"CSIRO Oceans and Atmosphere Information and Data Centre, Hobart; Museums Victoria; CSIRO National Collections and Marine Infrastructure",,NMV,CC-BY,This work is licensed under a  Creative Commons Attribution (CC-BY) 4.0 License,F164004,sin_profundidad,si
OBIS,85ac3151-620c-4bfc-a2cd-9b628fcdabb9,Grimpoteuthis megaptera,Grimpoteuthis megaptera,36.2667007446,-68.3499984741,,,,,,,Atlántico Norte,HumanObservation,b7cdeca9-f3a4-474f-b644-a74f504083bb,CephBase,,"University of British Columbia; Intergovernmental Oceanographic Commission of UNESCO",,,CC-BY,This work is licensed under a  Creative Commons Attribution (CC-BY) 4.0 License,,sin_profundidad,si
OBIS,911589ed-6d20-45fc-b38c-25d29ee9bc47,Grimpoteuthis bathynectes,Grimpoteuthis bathynectes,44.6417007446,-127.658302307,,,,,,,Pacífico Norte,HumanObservation,b7cdeca9-f3a4-474f-b644-a74f504083bb,CephBase,,"University of British Columbia; Intergovernmental Oceanographic Commission of UNESCO",,,CC-BY,This work is licensed under a  Creative Commons Attribution (CC-BY) 4.0 License,,sin_profundidad,si
OBIS,9470b3df-d8b7-416a-8444-271d54508233,Grimpoteuthis,,-23.8382,111.7409,1510,1510,1510,2022,2022,Australia,Océano Índico,PreservedSpecimen,f6318aea-2f31-48b4-a2c5-b599f2c8f602,"Specimens collected by Western Australian Museum from the Indian Ocean on the RV Investigator voyages IN2021_V04, IN2022_V08, IN2022_V09 and RV Falkor voyage FK200308, Australia (2021-2022)",,"Commonwealth Scientific and Industrial Research Organisation ; Western Australian Museum; CSIRO National Collections and Marine Infrastructure",,WAM,CC-BY,This work is licensed under a  Creative Commons Attribution (CC-BY 4.0) License,urn:lsid:taxonomy.org.au:MO:116694,,si
OBIS,96a64106-b31c-4f8b-938e-ed282b7b29e9,Grimpoteuthis bathynectes,Grimpoteuthis bathynectes,44.9467010498,-132.191696167,,,,,,,Pacífico Norte,HumanObservation,b7cdeca9-f3a4-474f-b644-a74f504083bb,CephBase,,"University of British Columbia; Intergovernmental Oceanographic Commission of UNESCO",,,CC-BY,This work is licensed under a  Creative Commons Attribution (CC-BY) 4.0 License,,sin_profundidad,si
OBIS,974ade9f-22ec-4528-a4dd-bdee518171eb,Grimpoteuthis,,-66.05,49.8333,800.5,690,911,1985-11-29,1985,,Océano Austral,PreservedSpecimen,d104db68-63cf-4f34-b92a-54bd55a07394,Museums Victoria Marine Invertebrates Collection,,"CSIRO Oceans and Atmosphere Information and Data Centre, Hobart; Museums Victoria; CSIRO National Collections and Marine Infrastructure",,NMV,CC-BY,This work is licensed under a  Creative Commons Attribution (CC-BY) 4.0 License,F65707,,si
OBIS,abf93ca0-f8c1-4b40-be48-510457a9dbd8,Grimpoteuthis megaptera,Grimpoteuthis megaptera,36.2750015259,-68.3499984741,4707,4707,4707,1884-09-08T12:00:00Z,1884,United States,Atlántico Norte,PreservedSpecimen,89e23fc8-3f61-4480-9de3-358fe6eefe0b,National Museum of Natural History Invertebrate Zoology Collections,,"Intergovernmental Oceanographic Commission of UNESCO; National Museum of Natural History, Smithsonian Institution",,USNM,CC-BY,This work is licensed under a  Creative Commons Attribution (CC-BY) 4.0 License,,,si
OBIS,ad7fe390-66cc-46cb-a9f0-320dc03cfb1c,Grimpoteuthis megaptera,Grimpoteuthis megaptera,16.2000007629,-24.7166996002,,,,,,,Atlántico Norte,HumanObservation,b7cdeca9-f3a4-474f-b644-a74f504083bb,CephBase,,"University of British Columbia; Intergovernmental Oceanographic Commission of UNESCO",,,CC-BY,This work is licensed under a  Creative Commons Attribution (CC-BY) 4.0 License,,sin_profundidad,si
OBIS,b1c187f1-701c-4d32-bf11-cb6f74619b05,Grimpoteuthis megaptera,Grimpoteuthis megaptera,39.7167015076,-69.3833007812,,,,,,,Atlántico Norte,HumanObservation,b7cdeca9-f3a4-474f-b644-a74f504083bb,CephBase,,"University of British Columbia; Intergovernmental Oceanographic Commission of UNESCO",,,CC-BY,This work is licensed under a  Creative Commons Attribution (CC-BY) 4.0 License,,sin_profundidad,si
OBIS,c565bf4e-ee44-477b-8a86-a2fe2bb15add,Grimpoteuthis meangensis,Grimpoteuthis meangensis,4.55000019073,127.099998474,,,,,,,Pacífico Norte,HumanObservation,b7cdeca9-f3a4-474f-b644-a74f504083bb,CephBase,,"University of British Columbia; Intergovernmental Oceanographic Commission of UNESCO",,,CC-BY,This work is licensed under a  Creative Commons Attribution (CC-BY) 4.0 License,,sin_profundidad,si
OBIS,c714769a-ace4-4053-8d77-0b8a441c47f3,Grimpoteuthis tuftsi,Grimpoteuthis tuftsi,45.0867004395,-134.723297119,,,,,,,Pacífico Norte,HumanObservation,b7cdeca9-f3a4-474f-b644-a74f504083bb,CephBase,,"University of British Columbia; Intergovernmental Oceanographic Commission of UNESCO",,,CC-BY,This work is licensed under a  Creative Commons Attribution (CC-BY) 4.0 License,,sin_profundidad,si
OBIS,ccdc5856-d9a3-4f14-9a66-271fef4934e3,Grimpoteuthis,,13.736616,-132.576968,5074,5074,5074,2015-08-11T00:00:00,2015,,Pacífico Norte,HumanObservation,93726e4a-940c-4dda-9519-0fbe9eb5f067,TOMLPMN12024 Env Template 20220212 Bio,,International Seabed Authority,,,CC-BY,Attribution 3.0 IGO (CC BY 3.0 IGO),CCZ-15__TL_01_TL_01.NOC.mgf_img.2015_08_11_080950.jpg_1,,si
OBIS,d8c6d8ae-14f9-45e4-b2e6-b2e7d47208bd,Grimpoteuthis bathynectes,Grimpoteuthis bathynectes,45.0849990845,-133.18170166,,,,,,,Pacífico Norte,HumanObservation,b7cdeca9-f3a4-474f-b644-a74f504083bb,CephBase,,"University of British Columbia; Intergovernmental Oceanographic Commission of UNESCO",,,CC-BY,This work is licensed under a  Creative Commons Attribution (CC-BY) 4.0 License,,sin_profundidad,si
OBIS,db6ca32e-1f8d-4878-8fa0-034838daf4d6,Grimpoteuthis plena,Grimpoteuthis plena,37.5833015442,-71.3000030518,,,,,,,Atlántico Norte,HumanObservation,b7cdeca9-f3a4-474f-b644-a74f504083bb,CephBase,,"University of British Columbia; Intergovernmental Oceanographic Commission of UNESCO",,,CC-BY,This work is licensed under a  Creative Commons Attribution (CC-BY) 4.0 License,,sin_profundidad,si
OBIS,e7886051-d88d-4f08-afd7-faeffe6610fc,Grimpoteuthis bathynectes,Grimpoteuthis bathynectes,45.0182991028,-135.199996948,,,,,,,Pacífico Norte,HumanObservation,b7cdeca9-f3a4-474f-b644-a74f504083bb,CephBase,,"University of British Columbia; Intergovernmental Oceanographic Commission of UNESCO",,,CC-BY,This work is licensed under a  Creative Commons Attribution (CC-BY) 4.0 License,,sin_profundidad,si
OBIS,f1d2c2f9-93eb-4dd8-849e-8b15ef083abc,Grimpoteuthis bathynectes,Grimpoteuthis bathynectes,45.0583000183,-134.75,,,,,,,Pacífico Norte,HumanObservation,b7cdeca9-f3a4-474f-b644-a74f504083bb,CephBase,,"University of British Columbia; Intergovernmental Oceanographic Commission of UNESCO",,,CC-BY,This work is licensed under a  Creative Commons Attribution (CC-BY) 4.0 License,,sin_profundidad,si
OBIS,f5fff947-0c85-44b5-b12b-f8ccdc76088b,Grimpoteuthis tuftsi,Grimpoteuthis tuftsi,45.0866699219,-134.723327637,3900,3900,3900,1972-10-09T12:00:00Z,1972,United States,Pacífico Norte,PreservedSpecimen,89e23fc8-3f61-4480-9de3-358fe6eefe0b,National Museum of Natural History Invertebrate Zoology Collections,,"Intergovernmental Oceanographic Commission of UNESCO; National Museum of Natural History, Smithsonian Institution",,USNM,CC-BY,This work is licensed under a  Creative Commons Attribution (CC-BY) 4.0 License,,,si
OBIS,f9652697-5490-46d8-8058-1b3546a9271b,Grimpoteuthis plena,Grimpoteuthis plena,37.4329986572,-73.7170028687,944,944,944,1886-10-26T12:00:00Z,1886,United States,Atlántico Norte,PreservedSpecimen,89e23fc8-3f61-4480-9de3-358fe6eefe0b,National Museum of Natural History Invertebrate Zoology Collections,,"Intergovernmental Oceanographic Commission of UNESCO; National Museum of Natural History, Smithsonian Institution",,USNM,CC-BY,This work is licensed under a  Creative Commons Attribution (CC-BY) 4.0 License,,,si
