datasetKey,numberOfRecords
50c9509d-22c7-4a22-a47d-8c48425ef4a7,2
ff2ed94e-45ee-4dde-8e1f-0a4798f61a12,61
4d0b1b2a-3209-49ce-bb93-7503e4868019,161
a79c2b50-6c8a-11de-8226-b8a03c50a862,1
b7584a87-d359-429c-bc7b-d19ee7b64677,13
f0bb28ad-fd47-44a1-87db-6e0fbcee5737,30
421890f7-e909-40ed-a573-b1c9529a55fa,112
7c93d290-6c8b-11de-8226-b8a03c50a862,1
3a288cf3-4038-4759-a2d9-4541b10e41e3,7
d8cd16ba-bb74-4420-821e-083f2bac17c2,10
4fb0d8de-b4dc-4843-91db-2bc64394bd83,2
c2d8bc68-8f4d-465e-80b2-734a4bb9d806,1
821cc27a-e3bb-4bc5-ac34-89ada245069d,34
26098c25-8f7f-4c71-97ac-1d3db181c65e,12
854e35e6-f762-11e1-a439-00145eb45e9a,11
005eb8d8-ed94-41be-89cf-e3115a9058e4,33
a267b6a7-91f9-457c-889a-481e7aa920b6,4
52422715-c1db-40a0-ba16-b84a295d248a,5
39905320-6c8a-11de-8226-b8a03c50a862,88
2a636fd6-dc73-49c0-9e5b-26bd05532313,705
081facf0-b768-41ad-b692-3b30a1bcbb1b,3
e2980e63-d152-4219-8c1e-0ffdef3ea6aa,3
fe388907-e2b6-44be-a9cb-a80b3924284c,5
040c5662-da76-4782-a48e-cdea1892d14c,4
990e845f-836b-4467-bc5f-46c8495259ec,6
968dfa3e-3614-4bab-a3b5-e9209bdd6078,16
34fbcf59-d9bb-47e7-9672-99e13ea8c736,26
108dc817-2b94-4a00-a185-90613603473a,1
58fc397b-eee4-4138-8a5f-50f9dfb00216,7
4ffe66a0-6c8b-11de-8226-b8a03c50a862,4
fae37d1f-5b7a-4fe2-8cfa-8948aefbcac2,2
82d23348-0fee-4e2d-9152-48136ef54b2d,1
6b3877d5-4869-43aa-af12-92c703fd5b6d,1
a676d8a7-95a5-4d3a-a546-0e6e30f76a7b,1
2931765e-0682-4a38-85eb-032964cc3792,1
7e380070-f762-11e1-a439-00145eb45e9a,9
edd017b6-bf00-4b00-93ad-9789c42a36b1,10
e142db13-5b0e-4f15-b652-6e72537b4337,3
139a966c-22d5-486b-bff2-cfcbccd6fdfc,2
e0fddf5e-41d2-41fe-92a5-cfdd588823a0,1
6df4cdef-c55d-4a03-9055-3cbadcdd05aa,1
7e3091f0-f762-11e1-a439-00145eb45e9a,1
2f7c33b3-ea7a-40ac-a3b7-bace96f978f7,1
0214a6a7-898f-4ee8-b888-0be60ecde81f,1
44bcde48-ac71-46f2-bf73-24fc3c008b6c,10
dce8feb0-6c89-11de-8225-b8a03c50a862,1
0f6d26c0-c645-4f15-b1c9-fbcb77515545,6
965169e4-f762-11e1-a439-00145eb45e9a,10
91aa3d5b-6f77-4135-a823-cef438a60dfa,1
f553f8f9-b147-4f09-86e5-0d1ce1a91ce0,1
dc5abc9f-84d5-4046-a3ef-9ab24ae53756,12
